case_id	partition	operation	implementation	execution_class	frame_id	source_model_id	expected_source_epoch_hex	catalog_fixture_id	expected_result	expected_error_code	expected_reencode_frame_id	combined_precedence	coverage_tags	input_identity_sha256	expected_output_sha256	case_binding_sha256
decode-address-length-plus-one	native-decoder	decode	native	concrete-frame	frame-address-length-plus-one	-	4141414141414141414141414141414141414141414141414141414141414141	-	error	4	-	frozen-order	structural	27de77830d35cd7fd9cbb049995c3074d605729ef9236162d6bfac5681498a3b	-	b5cfe7ce1fee73cbdb566604531511254eb0ee62fb546cd55d977b897604fa92
decode-address-length-zero	native-decoder	decode	native	concrete-frame	frame-address-length-zero	-	4141414141414141414141414141414141414141414141414141414141414141	-	error	4	-	frozen-order	structural	2f05c2831c370438283265496de8b843ec051262ea02383e44c2c0ef00caa218	-	d5940609da877e618a3b70407fd180c1a42007d6f052025c6d75673070eb0d5a
decode-address-non-ascii	native-decoder	decode	native	concrete-frame	frame-address-non-ascii	-	4141414141414141414141414141414141414141414141414141414141414141	-	error	3	-	frozen-order	structural	2714d0a62e7006bca6b59df554accadd5fb48fddbbb1730618b0b3c72ceb9c0b	-	150aaa18dbe67a94f6c57fdea0a8ce0aa0933aa370efb8f5f47f713be76161fa
decode-aggregate-count-plus-one	native-decoder	decode	native	concrete-frame	frame-aggregate-count-plus-one	-	4141414141414141414141414141414141414141414141414141414141414141	-	error	4	-	frozen-order	structural	e4f65bf4f45924ae6556507992617c4dc808382cfed7372ca7d190e8adc37c25	-	def9a33533991aa727adf031fb2e3ffc091d2c5619121fdd47ad53f733dd22ea
decode-aggregate-in-range-over	native-decoder	decode	native	concrete-frame	frame-aggregate-in-range-over	-	4141414141414141414141414141414141414141414141414141414141414141	-	error	3	-	frozen-order	structural	ec78305ff28fe9182949c2a176ffe74093ce7d4860ea9c4a34071a07f77e212c	-	f045ce56a48f9aefe257fe87cb433c72a1e378c0cfffa21da95fa5940da093d8
decode-aggregate-in-range-under	native-decoder	decode	native	concrete-frame	frame-aggregate-in-range-under	-	4141414141414141414141414141414141414141414141414141414141414141	-	error	3	-	frozen-order	structural	241d42013e788399e9c8c60233139d55ea04042bfda222b054e2e5c91d149521	-	a9bcfccab53871770523b6f520adf11250005a2590b8cef089f2b132f4731a11
decode-amount-proof-failure	native-decoder	decode	native	concrete-frame	frame-amount-proof-failure	-	4141414141414141414141414141414141414141414141414141414141414141	-	ok	0	-	frozen-order	structural	29aa6f20a90323802fbce3fc841258cabed385c5a27eda35d676a9021f15bcb1	-	67f2ccc43c00406fe97abfa74e0da9fcef7209934039588ff5c241da05ba4f1a
decode-candidate-id-mismatch	native-decoder	decode	native	concrete-frame	frame-candidate-id-mismatch	-	4141414141414141414141414141414141414141414141414141414141414141	-	ok	0	-	frozen-order	structural	9db43877cd3cae4b5d8617b98b69be94a633252d9d4cfc1cb029d56cc1475bfb	-	b5ead204e7008c64d5e26261c5be0d741d4c727da49aeb3b561478d143f7d760
decode-candidate-length-plus-one	native-decoder	decode	native	concrete-frame	frame-candidate-length-plus-one	-	4141414141414141414141414141414141414141414141414141414141414141	-	error	4	-	frozen-order	structural	fe3487a9316c8b6c3b505f5588b0e7ba0a8cc10574e7399ab39420e9c575d36a	-	29ad0dd9d2f19efae285d454752c148f93b8009434d23c3fdb02e7a13129a2b1
decode-candidate-length-zero	native-decoder	decode	native	concrete-frame	frame-candidate-length-zero	-	4141414141414141414141414141414141414141414141414141414141414141	-	error	4	-	frozen-order	structural	69d7e50542bdff5f4303de8e8010dd6ae53571bbaeba631788a8e4760bfb9c1d	-	fc02daafbe12d956afd825a8eab6ef6f5f56a789f84f65ea79b88209d1d67c85
decode-candidate-noncanonical	native-decoder	decode	native	concrete-frame	frame-candidate-noncanonical	-	4141414141414141414141414141414141414141414141414141414141414141	-	ok	0	-	frozen-order	structural	23286a20d4317559efb133823ee5ef85bd518d50607a928467a423154e439186	-	6dc9992e1a0f7342f089377e38bffe6e9dc27302e9c30adfb8191e48033b76cc
decode-combined-body-limit	native-decoder	decode	native	concrete-frame	frame-combined-body-limit	-	4141414141414141414141414141414141414141414141414141414141414141	-	error	4	-	frozen-order	structural	a9ee16d5bb64a3e1c87873ae9913a11c1babb8d9278a8dbae7dc4e28f0648d9c	-	627840eee92f0010d95854525e49a6d47e5cf5aa4e72a65d47058848fc54e5a2
decode-combined-context-plan-funding	native-decoder	decode	native	concrete-frame	frame-combined-context-plan-funding	-	4141414141414141414141414141414141414141414141414141414141414141	-	ok	0	-	frozen-order	structural	eee7480a4d1fb47b7985146228f8dc22bf6e61af79b9338f3b161358cb2877ca	-	c5a9220d1a2ae15e5060973ff37b8a8c60498913a5484eaa54fb0661bfaafa6a
decode-combined-non-ascii-value	native-decoder	decode	native	concrete-frame	frame-combined-non-ascii-value	-	4141414141414141414141414141414141414141414141414141414141414141	-	error	4	-	frozen-order	structural	82d4a9887db532994697e640c47a019a7c9b319d7b8d494cbe70bc1530b89071	-	fef4482ecb3b4015e2bfcd9543442dda6fbd7c02636a67cdde754490987db4b7
decode-combined-numeric-structural	native-decoder	decode	native	concrete-frame	frame-combined-numeric-structural	-	4141414141414141414141414141414141414141414141414141414141414141	-	error	4	-	frozen-order	structural	8466113ee4fa79661c25596820f4b46553f2dfc0390237c477501856d333c686	-	082e0f705ee00fcf4fd67db19907b402fa45eed86f81dc93def19f2036fb3285
decode-combined-plan-funding	native-decoder	decode	native	concrete-frame	frame-combined-plan-funding	-	4141414141414141414141414141414141414141414141414141414141414141	-	ok	0	-	frozen-order	structural	ed3942f82fc08ec160cc4fff34ee80ff4be663ceea78b7fd2388eee56281af8e	-	e34816292e95920f123ed69f9d2b11365ecf3961ea600e0ca2525c10b3f9e816
decode-combined-previous-order-value	native-decoder	decode	native	concrete-frame	frame-combined-previous-order-value	-	4141414141414141414141414141414141414141414141414141414141414141	-	error	4	-	frozen-order	structural	d1452f63ce2fe69f3155c0a496f8c2008e427fe0a0c7cea50825cfcbd2165b93	-	a1856dadd3b41f86c811d43fc84f31ebf82d50f6f1bec1abc7bd853107b86e65
decode-combined-selected-order-value	native-decoder	decode	native	concrete-frame	frame-combined-selected-order-value	-	4141414141414141414141414141414141414141414141414141414141414141	-	error	4	-	frozen-order	structural	8e070ff26e78e56b8644c759b7576702c759b45c9359157f04f7c2321626ba98	-	3cb3b993c223dd5e5bf00072ef9f3ad76efa8a7395ce3ec470098c2a822dd7ac
decode-combined-short-zero-expected	native-decoder	decode	native	concrete-frame	frame-combined-short-zero-expected	-	4141414141414141414141414141414141414141414141414141414141414141	-	error	3	-	frozen-order	structural	7847d2fd4602585e0146fa0dc3a74d7f3531a13d71a3c852c906e7bfec584042	-	9e22e45002f6cbb805f7b22ed75bbdcfc1096205bc84ec282be1de91873f2d6c
decode-combined-structural-context	native-decoder	decode	native	concrete-frame	frame-combined-structural-context	-	4141414141414141414141414141414141414141414141414141414141414141	-	error	3	-	frozen-order	structural	d42495d623bf56b3b1c87ffea6bd6d498aa30f0334faea95bf8aee959841b1ce	-	4bbd09ae1bc2a745e4b187dd66109a8d9f2d570c4d33069a3c198f022da1bd1e
decode-combined-version-source	native-decoder	decode	native	concrete-frame	frame-combined-version-source	-	4141414141414141414141414141414141414141414141414141414141414141	-	error	2	-	frozen-order	structural	53483fe4ef3b0ac6feb2e113a3b24540d58d618555fb9004452eaa9c2db2a644	-	2929f197ed2f40bd95e765014c1d7144757bf44b24097b7edd74f99a5d2205a6
decode-combined-zero-asset-value	native-decoder	decode	native	concrete-frame	frame-combined-zero-asset-value	-	4141414141414141414141414141414141414141414141414141414141414141	-	error	4	-	frozen-order	structural	45f46a4ce4deddb0d9c2794fe857bd775ea3a4b9b271a63d5ce911606a4a1c26	-	e83420751814c3d5b09b05c0f02f00738a0e5ff2f072750d8251ff7531e26f26
decode-combined-zero-txid-value	native-decoder	decode	native	concrete-frame	frame-combined-zero-txid-value	-	4141414141414141414141414141414141414141414141414141414141414141	-	error	4	-	frozen-order	structural	a475a3e78195980e5cf20294c3c8387682fc5253d386c1fdfbb59d2ba240111b	-	becf6569aee331b992bb0a219dd18bb51ddbdc6ca476c9f3f25fc19d7d40ad42
decode-concatenated	native-decoder	decode	native	concrete-frame	frame-concatenated	-	4141414141414141414141414141414141414141414141414141414141414141	-	error	3	-	frozen-order	structural	861b25e81e74dcb877a7a9091d2ea3b0928a92c84fa209441203c324ab86edb1	-	156460c5f43a4d5475664c5d3dde32fa86465a69f1ba55d13b9181ecf1eb7133
decode-concatenated-rebound	native-decoder	decode	native	concrete-frame	frame-concatenated-rebound	-	4141414141414141414141414141414141414141414141414141414141414141	-	error	3	-	frozen-order	structural	e33635d9082bd050e8b4f9fea29ccb27b6d5d366239d1a55b1a315a52d9453f5	-	477b2bdbb97de3cea1b5dce6e92f82cf810bb1ec84977ca567b61ac90b812aec
decode-conservation-asset-mismatch	native-decoder	decode	native	concrete-frame	frame-conservation-asset-mismatch	-	4141414141414141414141414141414141414141414141414141414141414141	-	ok	0	-	frozen-order	structural	5ed2f57cb5173aa8ceb96bdbc2131a8ab116e16f689b09013e6c3743453f2522	-	2c22ad57e2ad1a3bacf5515497d73e1d6f1135b1a39caae50299f76b1eb3a809
decode-conservation-value-mismatch	native-decoder	decode	native	concrete-frame	frame-conservation-value-mismatch	-	4141414141414141414141414141414141414141414141414141414141414141	-	ok	0	-	frozen-order	structural	185c5a0566ecd385eaf4003db38e6031c1563edee62252a6c24c5b7e8cef496e	-	4cda94128ea0bb85c969fd23571b6fa3411f370a84ec4419f2e0f2662ece6aab
decode-declared-length-over	native-decoder	decode	native	concrete-frame	frame-declared-length-over	-	4141414141414141414141414141414141414141414141414141414141414141	-	error	3	-	frozen-order	structural	2b7c9edbabafce0225bd9b8e401c757631fedd112470f2e71d55b74f369b4cd7	-	ba900dcfcf34c5de389c033fa8c4b1ee0aa051304119d64900c7bd166f1561f3
decode-declared-length-under	native-decoder	decode	native	concrete-frame	frame-declared-length-under	-	4141414141414141414141414141414141414141414141414141414141414141	-	error	3	-	frozen-order	structural	cea5b62d3897650e60194974747c601d2ad42077fae6743e7964a95e26763620	-	f8ac6519832b0645d5004571f9bebd70e45945a75a1b082307569bd0687dd76c
decode-descriptor-nonownership	native-decoder	decode	native	concrete-frame	frame-descriptor-nonownership	-	4141414141414141414141414141414141414141414141414141414141414141	-	ok	0	-	frozen-order	structural	468f0acc27ee642a93115792836ddaba3a74fdceea5acc9d6040d06646c76772	-	963e7e31df92796191a3d15d970b51f5d592a0873177669088a6449f45a92c59
decode-destination-count-plus-one	native-decoder	decode	native	concrete-frame	frame-destination-count-plus-one	-	4141414141414141414141414141414141414141414141414141414141414141	-	error	4	-	frozen-order	structural	656e5da6b9bbf8b0075a3d2570c873f3cf3f8b03225dd8a00c37eb48341b7c9f	-	6d2292c7a07a7f77a906371372bdf65ef5952fb8cde766bf02b4ac4392ebb482
decode-destination-count-zero	native-decoder	decode	native	concrete-frame	frame-destination-count-zero	-	4141414141414141414141414141414141414141414141414141414141414141	-	error	4	-	frozen-order	structural	2efd5f93e826750505025461983b4918f4183a3f852969c36c11e7881216562a	-	d1c80c8226a58c852ea4f9b7814b67a8e9dc62d9e87905b0f924b0a90241276f
decode-destination-reserved	native-decoder	decode	native	concrete-frame	frame-destination-reserved	-	4141414141414141414141414141414141414141414141414141414141414141	-	error	3	-	frozen-order	structural	a8c5c1d16b0340c6b65a03232a72d8c76d56d356f2d98f1741e566a319e058cf	-	8eb0b06cb07213bc2a8c1bff5dbb8e9b4a4589fbcb452ec7355c57f50a16b00f
decode-destination-value-plus-one	native-decoder	decode	native	concrete-frame	frame-destination-value-plus-one	-	4141414141414141414141414141414141414141414141414141414141414141	-	error	4	-	frozen-order	structural	bce4f493a846dcb5c865bf053a539104ad34fc3c7fcd880584521ad5a5d8884b	-	cb4f58f5fc6eea3f63122f6568cf0ea44060963a0fa88e1a38f21918d16f0020
decode-destination-value-zero	native-decoder	decode	native	concrete-frame	frame-destination-value-zero	-	4141414141414141414141414141414141414141414141414141414141414141	-	error	4	-	frozen-order	structural	fe882706ddf40c0d7abc7268719239c9184383e95022350ba1f6ede768ae5d15	-	0a5df5c349f4a8b0029b3d11fc8e5fe96060938888280e180bf0e5eeb34551a9
decode-duplicate-previous-identity	native-decoder	decode	native	concrete-frame	frame-duplicate-previous-identity	-	4141414141414141414141414141414141414141414141414141414141414141	-	ok	0	-	frozen-order	structural	7f965586cbb487d5d4b9970bd83c6e8cf42291f83d830802124042dbc1bd87a8	-	aa9cec1f5daf7798775f0ac342a59adefc6f050b8857fe6f139476a29180162a
decode-extra-previous	native-decoder	decode	native	concrete-frame	frame-extra-previous	-	4141414141414141414141414141414141414141414141414141414141414141	-	ok	0	-	frozen-order	structural	b6ebbae1a2d001309863967b1f200d9dd7b974eb0a9c38e9e15a434d9a031a0c	-	ae472df38ba4d8264e616782ed44c2241696c79677f290be6aeb936ce2a1f5f9
decode-fee-plus-one	native-decoder	decode	native	concrete-frame	frame-fee-plus-one	-	4141414141414141414141414141414141414141414141414141414141414141	-	error	4	-	frozen-order	structural	39f060fd6fc51cb8232d745dfa8c375dd81164735c8cbf403b8d99d817f712c2	-	3043e4b7446dc6a49c338ffb426a738991053857d69262127d3bd6661c88786d
decode-fee-zero	native-decoder	decode	native	concrete-frame	frame-fee-zero	-	4141414141414141414141414141414141414141414141414141414141414141	-	error	4	-	frozen-order	structural	0a08d4183aa2a0f77721efaf42984c9b256d26c44bdd7bed510b9d1de85a28ad	-	54be08e49f94b41a721cf54aa8f1fc5dbf8fdf31622e5d3eed908ab5b60edaaa
decode-fixed-header-before-source	native-decoder	decode	native	concrete-frame	frame-header-reserved-nonzero	-	4242424242424242424242424242424242424242424242424242424242424242	-	error	3	-	fixed-header-before-source	combined-defect	f56a1ac7fa1e64b0e73125e0fa0f7c5c3a5aabddb81c5da11129037db3e94646	-	d53c2086a3ff5ce74676569298ed4292c4f2daac20c38625270a11629e0dd242
decode-flags-nonzero	native-decoder	decode	native	concrete-frame	frame-flags-nonzero	-	4141414141414141414141414141414141414141414141414141414141414141	-	error	3	-	frozen-order	structural	fe6a2508bd406f70fd744712f14af0fcb87d7da953b5d4f8036d40b9b5921799	-	b0ddbc426b77a27e52c865886792c387d35dee40a47b53fa3d7c40b1f1971152
decode-header-reserved-nonzero	native-decoder	decode	native	concrete-frame	frame-header-reserved-nonzero	-	4141414141414141414141414141414141414141414141414141414141414141	-	error	3	-	frozen-order	structural	f56a1ac7fa1e64b0e73125e0fa0f7c5c3a5aabddb81c5da11129037db3e94646	-	3e3b8381c6ec04c4d150ff30aa832c4f8bddef1e7451aea4a8e492576cc16a09
decode-invalid-argument-before-malformed	native-decoder	decode	native	concrete-frame	frame-combined-short-zero-expected	-	0000000000000000000000000000000000000000000000000000000000000000	-	error	1	-	invalid-argument-before-malformed	combined-defect	7847d2fd4602585e0146fa0dc3a74d7f3531a13d71a3c852c906e7bfec584042	-	fa330d635351982183840f5df489fd61746a767ab53e6874a8997529a766b5e2
decode-main-public-valid	native-decoder	decode	native	concrete-frame	frame-main-public-valid	-	4242424242424242424242424242424242424242424242424242424242424242	-	ok	0	-	-	structural-success	f7ed1810999280fc7914bf15538a5292d5511964692b1504929e7cfc65b7be6c	-	a39bd7de1d8a18b8b5629b8eb240fba92e449aa62b5e1dc7ed337f8f13eac838
decode-main-wrong-pegged-asset	native-decoder	decode	native	concrete-frame	frame-main-wrong-pegged-asset	-	4242424242424242424242424242424242424242424242424242424242424242	-	ok	0	-	frozen-order	structural	229460f395c662898ad4d6c950e167cb25d87870f693174832f9cba5fdd7b780	-	21e4d210ad01b488b4e56d506a6e2f1d27a95bdfe19374f8519784a16b918b60
decode-main-wrong-profile-address	native-decoder	decode	native	concrete-frame	frame-main-wrong-profile-address	-	4242424242424242424242424242424242424242424242424242424242424242	-	ok	0	-	frozen-order	structural	4b133d3f52724b827b0aa195b8d0274923842cb7e15f0c3a62a4b6b5ad6bb4ba	-	265379ea700c0b66b1494217ca7076275bb586fefd08a491fd20a4214c87e61a
decode-malformed-address	native-decoder	decode	native	concrete-frame	frame-malformed-address	-	4141414141414141414141414141414141414141414141414141414141414141	-	ok	0	-	frozen-order	structural	391714b40a4f01c512d27f954e6dd3ef1678c55ab6e42ddb54ef73fdec80c442	-	fdd75e1fb9e9cc01922a00353616e13f096c00b2ad391b6086df839593df8dee
decode-missing-previous	native-decoder	decode	native	concrete-frame	frame-missing-previous	-	4141414141414141414141414141414141414141414141414141414141414141	-	ok	0	-	frozen-order	structural	06a522c6952f93fb0014715fa0adbe70e27083f15e8eca299736314f4f2fe31e	-	264425ab1e5fc6f07653b9039e6d7c705f5ad8e4611fc4fa2005bf9ec874bfc4
decode-non-ascii-before-numeric	native-decoder	decode	native	concrete-frame	frame-combined-non-ascii-value	-	4141414141414141414141414141414141414141414141414141414141414141	-	error	4	-	numeric-before-structural	combined-defect	82d4a9887db532994697e640c47a019a7c9b319d7b8d494cbe70bc1530b89071	-	181b1efc1208fe7746b13298b59c522bbb726400ac115365a7b20e8e93c0be82
decode-noncanonical-address	native-decoder	decode	native	concrete-frame	frame-noncanonical-address	-	4141414141414141414141414141414141414141414141414141414141414141	-	ok	0	-	frozen-order	structural	62dea071b5a6d67e4be8de31f06dca37cef2c15d955f80175b12305c463bd602	-	0eb4009e737144ef961390e0f27efc6f57c9ec241df2527fa058dce605e37486
decode-nonconfidential-address	native-decoder	decode	native	concrete-frame	frame-nonconfidential-address	-	4141414141414141414141414141414141414141414141414141414141414141	-	ok	0	-	frozen-order	structural	6bd9a737ebf30feca2eb4c5fe47cd670eaaefe49f33d501ab1c30e25618c423f	-	91eca9dd256539ac0368d9a52f55fbf9bafe61a5b37116fe34c1c81811a713ef
decode-numeric-before-structural	native-decoder	decode	native	concrete-frame	frame-combined-numeric-structural	-	4141414141414141414141414141414141414141414141414141414141414141	-	error	4	-	numeric-before-structural	combined-defect	8466113ee4fa79661c25596820f4b46553f2dfc0390237c477501856d333c686	-	9776be85e33fb390f31020f3c7ee7997976cd4242e501e1682c05f1429755d46
decode-outer-before-discriminator	native-decoder	decode	native	deterministic-generated	-	model-outer-before-discriminator	4141414141414141414141414141414141414141414141414141414141414141	-	error	4	-	outer-before-discriminator	outer-plus-one-wrong-magic	28772dc2caa8d48b3eddce4bf12e55cfa733b2344663e8485a30306fee2c46f0	-	31a58dddfbef5d1a6b21dc3869cdbc0b177148b8ee99d3606e8759831dc91517
decode-output-index-mismatch	native-decoder	decode	native	concrete-frame	frame-output-index-mismatch	-	4141414141414141414141414141414141414141414141414141414141414141	-	ok	0	-	frozen-order	structural	7617a6a80841ef07d4fcd1108b02d85ec80aca4135949dca3fb02a6cd8dc0eb9	-	c51b3d5a38d7c573204a0f9f01e3019cfd45323a660f4c175d0930fa4662dc7e
decode-previous-count-plus-one	native-decoder	decode	native	concrete-frame	frame-previous-count-plus-one	-	4141414141414141414141414141414141414141414141414141414141414141	-	error	4	-	frozen-order	structural	63150c39472ca7797411e342677ba161b4fa14c6dcd383fbdbd36ea8672628b8	-	ee3bb278809bd6eff5043e55b97f0dfe210905ef08d1cb04e6f3a83989fbda42
decode-previous-duplicate	native-decoder	decode	native	concrete-frame	frame-previous-duplicate	-	4141414141414141414141414141414141414141414141414141414141414141	-	error	3	-	frozen-order	structural	fd8ff18d396e9bc1bcf0d2c68ea7bb60202975c31926617e26cd32cdd85affef	-	266c1fde6e52623731b84059078fbe591f8ff71ed68d739122cc54db037db54b
decode-previous-length-plus-one	native-decoder	decode	native	concrete-frame	frame-previous-length-plus-one	-	4141414141414141414141414141414141414141414141414141414141414141	-	error	4	-	frozen-order	structural	d0a07a6dc55a84d4b5f2ee8a4acad24451890223bfd1a7441b39ce26dad0952f	-	8131119bc70ff81d02a94c23c1bc07c9de287525115c6a46908b66036a427a40
decode-previous-length-zero	native-decoder	decode	native	concrete-frame	frame-previous-length-zero	-	4141414141414141414141414141414141414141414141414141414141414141	-	error	4	-	frozen-order	structural	1211fff7ca13bb9f8164e5ef59a43492d70eeba192443981586abc2dfc722383	-	3a655290499d01589289c0fa6d702f531ce5edae21b80f171a0c388f7bdfc072
decode-previous-order-before-numeric	native-decoder	decode	native	concrete-frame	frame-combined-previous-order-value	-	4141414141414141414141414141414141414141414141414141414141414141	-	error	4	-	numeric-before-structural	combined-defect	d1452f63ce2fe69f3155c0a496f8c2008e427fe0a0c7cea50825cfcbd2165b93	-	ea14c62d84e706694cbfe5ffd5ca774decca79d77d7cdcdd8d51b2e119fb92cc
decode-previous-out-of-order	native-decoder	decode	native	concrete-frame	frame-previous-out-of-order	-	4141414141414141414141414141414141414141414141414141414141414141	-	error	3	-	frozen-order	structural	03c34f3cc62fc8dbb64269e4f4af4f44cf3f1dc8bb55e81f898be91d6b2b1fa2	-	ced62bfbce62c84f866c2672a80c75321a3d81d4c8c2b6cd8b2ff8d50438cb13
decode-public-output-shape	native-decoder	decode	native	concrete-frame	frame-public-output-shape	-	4141414141414141414141414141414141414141414141414141414141414141	-	ok	0	-	frozen-order	structural	fbdce60fcb1072570c950accbf128b40f31c0a0c88bffb1d3f468a6670e80022	-	3d889ffe966ae051e0dcf4b8c9371acececf2a24fa2a09e72e8a32dbe512384f
decode-selected-count-plus-one	native-decoder	decode	native	concrete-frame	frame-selected-count-plus-one	-	4141414141414141414141414141414141414141414141414141414141414141	-	error	4	-	frozen-order	structural	1f9a4b0292483aae0029b38a9886ba88ba44ae8308f4e9615f6af9cd80722b60	-	5e7ebf23aaf4a8456b03dce12a9cf4338949dda1a347ec5bb12d3eca4b97d08b
decode-selected-count-zero	native-decoder	decode	native	concrete-frame	frame-selected-count-zero	-	4141414141414141414141414141414141414141414141414141414141414141	-	error	4	-	frozen-order	structural	332c552201275c470de9b1027ce4535a7b58090d4c6ff2cf532a9092b7f4f6e0	-	67f91d745707427deec5adb6f2065867092aa59c791dc711f6712838a71653fb
decode-selected-duplicate	native-decoder	decode	native	concrete-frame	frame-selected-duplicate	-	4141414141414141414141414141414141414141414141414141414141414141	-	error	3	-	frozen-order	structural	196cc92bf445d5ae6fbf3dbe8209dc9efd5ff050fd15cad3f4a1b76e8ac364d4	-	242fd7bed36d94fd59eb6246d5f52f2696739791acba5b530d333e61e6f4b469
decode-selected-index-plus-one	native-decoder	decode	native	concrete-frame	frame-selected-index-plus-one	-	4141414141414141414141414141414141414141414141414141414141414141	-	error	4	-	frozen-order	structural	ff9fa6c5dcea0cc5769ccefd125c3ff3a2bf826050c7183fbf3b4294f867c36f	-	90f8bb2c2c015088021c98e89da37143575a2469f57ce3919fd3b5dd1a665315
decode-selected-order-before-numeric	native-decoder	decode	native	concrete-frame	frame-combined-selected-order-value	-	4141414141414141414141414141414141414141414141414141414141414141	-	error	4	-	numeric-before-structural	combined-defect	8e070ff26e78e56b8644c759b7576702c759b45c9359157f04f7c2321626ba98	-	bd93b2f1fb13e528c48c608c09aab88b3ea5b03e3eb7266d0e517fcc3802c41f
decode-selected-out-of-order	native-decoder	decode	native	concrete-frame	frame-selected-out-of-order	-	4141414141414141414141414141414141414141414141414141414141414141	-	error	3	-	frozen-order	structural	75e86002bf99c805a0edfc79e79d0caf60de43e76adc499e028e4b430a839f1c	-	e99038c41d105b3b5313db52a0a177f2ff867ae7436fb192da6f98486b3dc877
decode-selected-reserved	native-decoder	decode	native	concrete-frame	frame-selected-reserved	-	4141414141414141414141414141414141414141414141414141414141414141	-	error	3	-	frozen-order	structural	47c2482646346c7b093d04f9bd2fe3a569da5f246102538b37391d6bf62b7d22	-	9c957ddb51965ac0201cbf9c531bbcfe96a5a812a3fd5f47a6e5d1ff531188f4
decode-selected-value-plus-one	native-decoder	decode	native	concrete-frame	frame-selected-value-plus-one	-	4141414141414141414141414141414141414141414141414141414141414141	-	error	4	-	frozen-order	structural	5d4f6a874db36bbb4abc8d14a4fb74b0daea130d884807b6eac0c31cf114fcfd	-	b3265f69b2f02b424119fd053574ae0fa62170164760e8187cb8a31d7a5d4e4a
decode-selected-value-zero	native-decoder	decode	native	concrete-frame	frame-selected-value-zero	-	4141414141414141414141414141414141414141414141414141414141414141	-	error	4	-	frozen-order	structural	a9ee16d5bb64a3e1c87873ae9913a11c1babb8d9278a8dbae7dc4e28f0648d9c	-	9ac0f4854bc0ef28c14eec9ad7cc6c644af54ceabc71f3dbbeb5a3cb9d8f984c
decode-short-seven	native-decoder	decode	native	concrete-frame	frame-short-seven	-	4141414141414141414141414141414141414141414141414141414141414141	-	error	3	-	frozen-order	structural	07c0ecab9ec12a7643a17cc6bbafebb57381879a115b8b76e4f97ef824881a3a	-	60ffe1785934c5ae6e0e6b01a8e992ebef0d5a713e02f7a7be275ba80adb1525
decode-source-before-body-limit	native-decoder	decode	native	concrete-frame	frame-combined-body-limit	-	4242424242424242424242424242424242424242424242424242424242424242	-	error	5	-	source-before-body	combined-defect	a9ee16d5bb64a3e1c87873ae9913a11c1babb8d9278a8dbae7dc4e28f0648d9c	-	aea3b82108258b7673f5bb7828f9eb80c054ed7fd4c8df5f9fd985c42d23fdc2
decode-source-binding-mismatch	native-decoder	decode	native	concrete-frame	frame-test-toy-single	-	4242424242424242424242424242424242424242424242424242424242424242	-	error	5	-	source-before-body	source-binding	301e282dec76985d4b6e19396fb38d33f76005c426c63b5691a391b89e9d2f2d	-	a5734625d0f72cdca9385519c6898813871cd685bda1f04aa138925a71820861
decode-structural-before-context	native-decoder	decode	native	concrete-frame	frame-combined-structural-context	-	4141414141414141414141414141414141414141414141414141414141414141	-	error	3	-	structural-before-context	combined-defect	d42495d623bf56b3b1c87ffea6bd6d498aa30f0334faea95bf8aee959841b1ce	-	0871295d20d0604c005a7a8a23459cf11be2d4cfe223fa108da4d78073f76d4b
decode-tail-reserved-nonzero	native-decoder	decode	native	concrete-frame	frame-tail-reserved-nonzero	-	4141414141414141414141414141414141414141414141414141414141414141	-	error	3	-	frozen-order	structural	1db26e00b4d3ce2ffb8ca72b4c89a3e1a4a324b2321916103724342878acd8de	-	75e8437f9ce026401cc43fc39a361d48e494274b689bcdfde6f26c525df7addb
decode-test-public-valid	native-decoder	decode	native	concrete-frame	frame-test-public-valid	-	4141414141414141414141414141414141414141414141414141414141414141	-	ok	0	-	-	structural-success	fa8cf8321c8de34a8d4d1f8c881b327bf3961520857e2480e5564ccff012153f	-	5e05378c4dcf39b8fc368f6dfa81d0be2dd5aed0d67230e3a00da00bf80a3eab
decode-test-shared-previous-valid	native-decoder	decode	native	concrete-frame	frame-test-shared-previous-valid	-	4141414141414141414141414141414141414141414141414141414141414141	-	ok	0	-	-	structural-success	ef47458656fb0f9118ea1f9964b70a72ced729feb2226aac3231ddc8494426e7	-	1c8423b55fe3188bc2633eaea57571a18711ed77f081d951b2c87ae8fb4f51d9
decode-test-toy-multiasset	native-decoder	decode	native	concrete-frame	frame-test-toy-multiasset	-	4141414141414141414141414141414141414141414141414141414141414141	-	ok	0	-	-	structural-success	18b492be86f8ab55c6029849c1a35fa7e2138e27c13cb2c564b37addd99774f5	-	6011da6b49dab6ccacba018fff8556878779a53af09d1ce50181ceddbd694e10
decode-test-toy-ordered	native-decoder	decode	native	concrete-frame	frame-test-toy-ordered	-	4141414141414141414141414141414141414141414141414141414141414141	-	ok	0	-	-	structural-success	909088e306d2e9d6941dc28c05012f8db3ce3b72a89626474936e0715d4b5ef3	-	c24b1b3d0ea02715ba1c137efacfab1fd013e739355640aee1d1026fa2bd5771
decode-test-toy-repeated-candidate	native-decoder	decode	native	concrete-frame	frame-test-toy-repeated-candidate	-	4141414141414141414141414141414141414141414141414141414141414141	-	ok	0	-	-	structural-success	48fa91aa618d0b0688639e67a217a924321a84334dbf894a4b53710ec3481c02	-	7ccec1f67f0033dd50f7cb41e294617ae409be42c02d8640b23a21e0ee7eb520
decode-test-toy-single	native-decoder	decode	native	concrete-frame	frame-test-toy-single	-	4141414141414141414141414141414141414141414141414141414141414141	-	ok	0	-	frozen-order	structural	301e282dec76985d4b6e19396fb38d33f76005c426c63b5691a391b89e9d2f2d	-	b792ec0426391685ce18453647c1d48af7c16d16488dc6420ca978444cbb69ba
decode-trailing-byte	native-decoder	decode	native	concrete-frame	frame-trailing-byte	-	4141414141414141414141414141414141414141414141414141414141414141	-	error	3	-	frozen-order	structural	99fdc237fb36e7886aab87f038fcabc9535b09455aefbf3d29224b86ef36d260	-	06fd11315402f3dd24aa6bb71b95118ec4091dbc1b5171b859d26b67dc35e132
decode-trailing-byte-rebound	native-decoder	decode	native	concrete-frame	frame-trailing-byte-rebound	-	4141414141414141414141414141414141414141414141414141414141414141	-	error	3	-	frozen-order	structural	31a2c93b84f2bced96035b0fe440a184e637db62dc780bcc154b45a00ab8db23	-	2f61f6c1b18b20d6c5448a3367dcccecaadec4db62ffc1c188ee45beb85dd00d
decode-truncated-body	native-decoder	decode	native	concrete-frame	frame-truncated-body	-	4141414141414141414141414141414141414141414141414141414141414141	-	error	3	-	frozen-order	structural	2a125ed574492a3649e5715288d43812736a289f92554f4f48ef38e0a7c0f4b1	-	1e2ea5e2aed31736b59cdf0e8a1c111a9f999677e53cf8ad73fb1e1b15cf8785
decode-truncated-header	native-decoder	decode	native	concrete-frame	frame-truncated-header	-	4141414141414141414141414141414141414141414141414141414141414141	-	error	3	-	frozen-order	structural	be4089c170897100f2c9864d0e97784091c087f65177e435bc0b68023ea3ebca	-	c230509a2a24888ea6885c9c937e58e7bae8e9087f4407d9ea05745f38221f13
decode-unknown-manifest	native-decoder	decode	native	concrete-frame	frame-unknown-manifest	-	4141414141414141414141414141414141414141414141414141414141414141	-	ok	0	-	frozen-order	structural	96dbbea351c51ee04fac7f5d0556f9e66be55c1382e93878e0701dfe18265f6b	-	e9da9d14f110cb2f5ce6eeab01f9cf462f218273d4b8ea6bfa3f2c113ed4b98d
decode-wrong-header-length	native-decoder	decode	native	concrete-frame	frame-wrong-header-length	-	4141414141414141414141414141414141414141414141414141414141414141	-	error	2	-	frozen-order	structural	2b54154214525ddfb43aa685e69f46f53c2a221a0eee2eee7af9fe949b548bf0	-	23ba640f147fa201240d3c05edde0c352ebdba8f5223f8ef77bf1f2286d53fa5
decode-wrong-magic	native-decoder	decode	native	concrete-frame	frame-wrong-magic	-	4141414141414141414141414141414141414141414141414141414141414141	-	error	2	-	frozen-order	structural	9a530e610e4a440c13f32d4e28884dfd155bad4504dd4290c413706fed5fffb0	-	a506eada13e24c20ba7d559efc7a39d52028bbd9f37ec58025faf700431e421e
decode-wrong-pegged-asset	native-decoder	decode	native	concrete-frame	frame-wrong-pegged-asset	-	4141414141414141414141414141414141414141414141414141414141414141	-	ok	0	-	frozen-order	structural	c41a753122c5ccb06091527f35d31eca10801eee169ccc6d802d25a0fe36c033	-	99f9f0fe77a15b2cf28214ba80df4648670aca354d48266c65dd16a6b4ec689a
decode-wrong-profile-address	native-decoder	decode	native	concrete-frame	frame-wrong-profile-address	-	4141414141414141414141414141414141414141414141414141414141414141	-	ok	0	-	frozen-order	structural	899b76f96ff6deaafc9e3f954e392249487e72f16e2af9e4bc67a859859f7ed8	-	e39eb13dbda19d2239fd8bab2c49edbf112d82e8089cb97a3a5cb2b76e886398
decode-wrong-version	native-decoder	decode	native	concrete-frame	frame-wrong-version	-	4141414141414141414141414141414141414141414141414141414141414141	-	error	2	-	frozen-order	structural	4ca60fbe02a7737fd66dcb41bd0e4eef959a09726d90fde6364e3b1e89ad33b1	-	314c5edd1243691ec0c733b0b559d28beb49d3e7c389a6b7b7643c4278842db1
decode-zero-asset-before-numeric	native-decoder	decode	native	concrete-frame	frame-combined-zero-asset-value	-	4141414141414141414141414141414141414141414141414141414141414141	-	error	4	-	numeric-before-structural	combined-defect	45f46a4ce4deddb0d9c2794fe857bd775ea3a4b9b271a63d5ce911606a4a1c26	-	8fceec28d54c466f998c680b28dbddc2ecfa807697aeab26bc1da0b489ec0275
decode-zero-expected-epoch	native-decoder	decode	native	concrete-frame	frame-test-toy-single	-	0000000000000000000000000000000000000000000000000000000000000000	-	error	1	-	invalid-argument	zero-expected-source	301e282dec76985d4b6e19396fb38d33f76005c426c63b5691a391b89e9d2f2d	-	ac3fc7e9002a452dd0be3f4af65f5c5cbf780bfaa845f27ace332ebcc245ef12
decode-zero-manifest	native-decoder	decode	native	concrete-frame	frame-zero-manifest	-	4141414141414141414141414141414141414141414141414141414141414141	-	error	3	-	frozen-order	structural	4d9f4d156d393f79602578402ffb5375cd36c8a0f866e7707868b4777c7ccbaf	-	c9ba24a9cf015157bb5f37b325df0fc0f7294843aa95fa8a6c2793eb4e530f1a
decode-zero-pegged-asset	native-decoder	decode	native	concrete-frame	frame-zero-pegged-asset	-	4141414141414141414141414141414141414141414141414141414141414141	-	error	3	-	frozen-order	structural	64ccdef9c301b71d596e60f8e5e05dacd147d0e8cf0d8ec81539b0dc357b9674	-	6a6a4a2737329d1361301ecaada0ca2348bba6884606d485577269088f21852d
decode-zero-selected-asset	native-decoder	decode	native	concrete-frame	frame-zero-selected-asset	-	4141414141414141414141414141414141414141414141414141414141414141	-	error	3	-	frozen-order	structural	16043303f6c647e6d9f59a82bf675e43b44ecaa3605099ec2e4f2849c539cb1e	-	e0a95ddec65732f1707e9b451782e787e98cf592c99ed00094fe330bb081491f
decode-zero-selected-txid	native-decoder	decode	native	concrete-frame	frame-zero-selected-txid	-	4141414141414141414141414141414141414141414141414141414141414141	-	error	3	-	frozen-order	structural	ed164ca36456290dc82fb71e2ea3f51748a1e36556fff35d8608d68c6c6cf7b2	-	a67c12ea13c3a08329db824318abdcd8af06c66926561cba426ea94cfa01bcbc
decode-zero-source	native-decoder	decode	native	concrete-frame	frame-zero-source	-	4141414141414141414141414141414141414141414141414141414141414141	-	error	3	-	frozen-order	structural	b05ad58770b2574e1d7441bfc926fcd8c7433927dd5559fcab6c44d4df7d2d86	-	375f2a6f740c55dc26a8eea4dc7b08d58bf356eec65c9a2e1ec215fd303dc4cc
decode-zero-txid-before-numeric	native-decoder	decode	native	concrete-frame	frame-combined-zero-txid-value	-	4141414141414141414141414141414141414141414141414141414141414141	-	error	4	-	numeric-before-structural	combined-defect	a475a3e78195980e5cf20294c3c8387682fc5253d386c1fdfbb59d2ba240111b	-	fe4c2dd559d39f1a44cf89e6560fcf6bb807942ba9b3efacb7df077ce072af9d
managed-batch-accepted	managed-funding-batch	funding-batch-create	managed	symbolic-only	-	model-managed-batch-accepted	4141414141414141414141414141414141414141414141414141414141414141	-	ok	0	-	-	accepted	974a4a3a2c8e027fbb6e5965e2ce14b047c552f20126cf18f7a85180f544dbbb	-	d13c543b50895ac57b537dbf6f9976f6c713b3bdb2b2fe9e9b5cf9dca2e5f1b2
managed-batch-disposed-row	managed-funding-batch	funding-batch-create	managed	symbolic-only	-	model-managed-batch-disposed-row	4141414141414141414141414141414141414141414141414141414141414141	-	lifecycle	0	-	object-disposed	disposed-row	7af4e0bd16807792ee44fbb45d2074db6b8b4051ad5862884753918014f62b88	-	3813e166ee550ebf9fedc2d244cef114473b098eeefb50de5ddfe70ec8e87cbe
managed-batch-expanded-bytes-plus-one	managed-funding-batch	funding-batch-create	managed	symbolic-only	-	model-managed-batch-expanded-bytes-plus-one	4141414141414141414141414141414141414141414141414141414141414141	-	error	4	-	limit	expanded-bytes-plus-one	9159aa877e5795f79381119f4eb3000f37d0f70cba7286400ed21d3015fc91f6	-	c8cf2a6c0674b7ffa23f58c7ddbf68c59832c48239cc4f65413c16a640cff071
managed-batch-expanded-count-plus-one	managed-funding-batch	funding-batch-create	managed	symbolic-only	-	model-managed-batch-expanded-count-plus-one	4141414141414141414141414141414141414141414141414141414141414141	-	error	4	-	limit	expanded-count-plus-one	bade1cc3b4357d413dd96b400afc8c6b8833c93d92bbfbfdaba88c18eb074679	-	0139f4e05108c2358c82aee898da4fdec1508035cfa438ceae6a79fdb5674852
managed-batch-null-before-disposed-row	managed-funding-batch	funding-batch-create	managed	symbolic-only	-	model-managed-batch-null-before-disposed-row	4141414141414141414141414141414141414141414141414141414141414141	-	error	1	-	null-before-lifecycle	null-before-disposed-row	6d7ed5a7b72a069e3e23596ab6e9b7f4a45a5da845e50c9bc2a0dfd9da4c01c9	-	491469be922329efd0dfadf790bc5d9197133641a9e3cbae1cc1b5a1e2f5957e
managed-batch-null-plan	managed-funding-batch	funding-batch-create	managed	symbolic-only	-	model-managed-batch-null-plan	4141414141414141414141414141414141414141414141414141414141414141	-	error	1	-	invalid-argument	null-plan	b36151099180b2c7d10709726b9420bfd2c0795a1db267b054cf6adfe39efbbc	-	c6021bf3009f06575c50588c115ebb8186d994638eac32aa33cd1f720d7f09d0
managed-batch-null-row	managed-funding-batch	funding-batch-create	managed	symbolic-only	-	model-managed-batch-null-row	4141414141414141414141414141414141414141414141414141414141414141	-	error	1	-	invalid-argument	null-row	57abe64acbfbc8c5f2baf969e112d2a24e01f2027ec39e946585cf7d2d66f3c0	-	e9c6a523a32736af3df98222b5c90ad2e6df08f27ccaf71f9f152eb819824078
managed-batch-null-row-collection	managed-funding-batch	funding-batch-create	managed	symbolic-only	-	model-managed-batch-null-row-collection	4141414141414141414141414141414141414141414141414141414141414141	-	error	1	-	invalid-argument	null-row-collection	89882b4e1aab7d00c4a7fc7ead732d7e68267e03aedc45e3a7b6e479f7a9fd08	-	2f5eb902b112bc0bd1e5cbf7d5c8287b17e21a0238e07654154f603236a06ea6
managed-batch-plan-count-mismatch	managed-funding-batch	funding-batch-create	managed	symbolic-only	-	model-managed-batch-plan-count-mismatch	4141414141414141414141414141414141414141414141414141414141414141	-	error	1	-	invalid-argument	plan-count-mismatch	5f2f0ed3e8960c2dd98f403f7a88e3981ca2a1a6e8279294caa63df28b0d4d00	-	e1838ff740d216991c03d09115210466f76ac79496b9f5b1e9872849a0c3c842
managed-encoder-accepted	managed-encoder	encode	managed	symbolic-only	-	model-managed-encoder-accepted	4141414141414141414141414141414141414141414141414141414141414141	-	ok	0	-	-	accepted	001dcefe0cde8000488814155c47ff2d52bc5cbba8ed9beeb7e16bcac9517d72	fa8cf8321c8de34a8d4d1f8c881b327bf3961520857e2480e5564ccff012153f	c5b6e70ccac567758285f1492959645252ff70d0964c29633c2723f55cdd8b2e
managed-encoder-bad-epoch-plan-batch-identity	managed-encoder	encode	managed	symbolic-only	-	model-managed-encoder-bad-epoch-plan-batch-identity	4141414141414141414141414141414141414141414141414141414141414141	-	error	1	-	epoch-before-identity	bad-epoch-plan-batch-identity	9fc15cc19e10500f46beb1d4963cd528892f6d9acf2ec8c3baa7a03a6f999a1d	-	db320e1b323c422f3673cbb4409e4637c49907eed663fa3815723e8e84921d1b
managed-encoder-disposed-batch	managed-encoder	encode	managed	symbolic-only	-	model-managed-encoder-disposed-batch	4141414141414141414141414141414141414141414141414141414141414141	-	lifecycle	0	-	object-disposed	disposed-batch	06d01630c6c01bbd50ca9c5c049232b3aa039e6bd042bab145f783ab8de4d66c	-	dc448c0c53b15c42df5aa21b3828e92e964113a9b627c2b4fd8fee5310437086
managed-encoder-disposed-batch-bad-epoch	managed-encoder	encode	managed	symbolic-only	-	model-managed-encoder-disposed-batch-bad-epoch	4141414141414141414141414141414141414141414141414141414141414141	-	lifecycle	0	-	lifecycle-before-epoch	disposed-batch-bad-epoch	ca8d4c048d883f98e0deee8217e2713edb3e83a92f747d8a0acd35ca964a633d	-	2bb55b05472ccc11da865fb2bfe1a5cd3c3e2cb4e0a264f4e92a605d0b597dd9
managed-encoder-epoch-length-long	managed-encoder	encode	managed	symbolic-only	-	model-managed-encoder-epoch-length-long	4141414141414141414141414141414141414141414141414141414141414141	-	error	1	-	invalid-argument	epoch-length-long	59eaa5df069bb6c0764e9396da42cdf131adab844a33990cdcac3625b1d3b2e9	-	637c6735b7c794c230e54407bf87c9387fb933bfccd09017a8be1410ee40a514
managed-encoder-epoch-length-short	managed-encoder	encode	managed	symbolic-only	-	model-managed-encoder-epoch-length-short	4141414141414141414141414141414141414141414141414141414141414141	-	error	1	-	invalid-argument	epoch-length-short	d5831cf46e731d95af2bdc6c1494af5dc2aa1b44fb4b242d0ef408631b727a08	-	a9f71c8fb1676529bf98fbbb010e521adb45f9de53df58fd344845839ede2b9f
managed-encoder-null-batch	managed-encoder	encode	managed	symbolic-only	-	model-managed-encoder-null-batch	4141414141414141414141414141414141414141414141414141414141414141	-	error	1	-	invalid-argument	null-batch	31b9e1cb9da7d0c73dd0490367219f37fda87070acd72cd49aaa75a12d5cbfab	-	4aa4caee743fa55308a2ae59f8a35bd5e4648595bb976abfb14ab8b1e48cb7e0
managed-encoder-null-before-disposed-batch	managed-encoder	encode	managed	symbolic-only	-	model-managed-encoder-null-before-disposed-batch	4141414141414141414141414141414141414141414141414141414141414141	-	error	1	-	null-before-lifecycle	null-before-disposed-batch	8acc39e2696376f8356d52e90bb51c3a8e75db5eaf358540c1a87a41f6291ad0	-	5b6c97d8344154ce3c118d4aa539ebf013789f984c6b85a390b521a4a6c80e6f
managed-encoder-null-plan	managed-encoder	encode	managed	symbolic-only	-	model-managed-encoder-null-plan	4141414141414141414141414141414141414141414141414141414141414141	-	error	1	-	invalid-argument	null-plan	c59a07001cc34d3f4d935ae041614dd160f1619adacace6cffdec4128658c9e5	-	8847932aa35d750c51cdd6420f15a512942291d459b7a708711c75b2ceabe5ae
managed-encoder-plan-batch-identity	managed-encoder	encode	managed	symbolic-only	-	model-managed-encoder-plan-batch-identity	4141414141414141414141414141414141414141414141414141414141414141	-	error	1	-	identity-after-epoch	plan-batch-identity	f999c13a23910376cc34e4f835a4dfa59a99ba2b1721460d600fa6d13eff36d7	-	c926f32a790057abe15d3fecd9d76e8d89e3dde6210e1cdfab3849539eaf888f
managed-encoder-zero-epoch	managed-encoder	encode	managed	symbolic-only	-	model-managed-encoder-zero-epoch	4141414141414141414141414141414141414141414141414141414141414141	-	error	1	-	invalid-argument	zero-epoch	9cc3422bdaea56d0f84793423068da32c1bd620db902a285d1a3e3d94607db18	-	1ee81fd36b58f34a54d12cf3408b82287a403ee6ea9dd4e81b53fd08f9297c84
managed-row-candidate-plus-one	managed-funding-row	funding-row-create	managed	symbolic-only	-	model-managed-row-candidate-plus-one	4141414141414141414141414141414141414141414141414141414141414141	-	error	4	-	limit	candidate-plus-one	743ed017c29542e11512a80155c4863287f504630610de4c0d09b65d5c64fb11	-	db5961340aa1d086548c2c6f797cfc7252c0f3620394a88a576eb0da75c8d58b
managed-row-combined-null-before-length	managed-funding-row	funding-row-create	managed	symbolic-only	-	model-managed-row-combined-null-before-length	4141414141414141414141414141414141414141414141414141414141414141	-	error	1	-	null-before-limit	combined-null-before-length	ade6ec08fe59b86e64ee3798511bde7ee337638e50fe2e71ed9e3a2d9d406e8c	-	d034ac60dc6a531ca747f4005c5cb408f9320cd1afe2eae92e8682b7cbccb51c
managed-row-combined-null-before-order	managed-funding-row	funding-row-create	managed	symbolic-only	-	model-managed-row-combined-null-before-order	4141414141414141414141414141414141414141414141414141414141414141	-	error	1	-	null-before-encoding	combined-null-before-order	21110566fe795b5f7aad0943d28ce77f9fa5cc87dedf5b6eae1aec4258154e85	-	0a7dcf3669825d54b59ce909a7bf38fd5bd93f3e383353b362baa45da30b7cef
managed-row-empty-candidate	managed-funding-row	funding-row-create	managed	symbolic-only	-	model-managed-row-empty-candidate	4141414141414141414141414141414141414141414141414141414141414141	-	error	4	-	limit	empty-candidate	b058d1e785b44667cc87a7e7eb5ac381e8f01abbf752ae0cd0e7ca80dd44ca16	-	1ce171fd08a38499b71f4d3e7a58fb167f5ea9fa303b35c799fa6fe7cae9a938
managed-row-empty-previous	managed-funding-row	funding-row-create	managed	symbolic-only	-	model-managed-row-empty-previous	4141414141414141414141414141414141414141414141414141414141414141	-	ok	0	-	-	empty-previous	722be9618d03e866d983cf53eb709354ed7b420d71f6f7698b782bace3683d4c	-	459912e4978ac018d6392bf923e0829699cf858ddbaa5c10f3a13fa542d3e633
managed-row-empty-previous-payload	managed-funding-row	funding-row-create	managed	symbolic-only	-	model-managed-row-empty-previous-payload	4141414141414141414141414141414141414141414141414141414141414141	-	error	4	-	limit	empty-previous-payload	01e34eca3702e96bae0fe75f5627de8807e874fa190a8b446cfe06ef9feff28b	-	4ac359978e9ead2b6b8ff2acb41b791e56e21c45fd26803c821873d56bad95a8
managed-row-null-candidate	managed-funding-row	funding-row-create	managed	symbolic-only	-	model-managed-row-null-candidate	4141414141414141414141414141414141414141414141414141414141414141	-	error	1	-	invalid-argument	null-candidate	4bce9e41b25534e0d184850168f50957323f065016232bd386e56cd4fa64b4c4	-	1b48e8443b447bd56fb38eed61714cfabff8eff710709805ccf425f3adbd24a1
managed-row-null-previous-collection	managed-funding-row	funding-row-create	managed	symbolic-only	-	model-managed-row-null-previous-collection	4141414141414141414141414141414141414141414141414141414141414141	-	error	1	-	invalid-argument	null-previous-collection	b03ff47829d4b815f43ddbe30ab209e9c170a713ed1712520a7043230ccf3c9e	-	f0164e69fd853935de621a9976034e8d2a32b56e154aff276033bc452a09f844
managed-row-null-previous-element	managed-funding-row	funding-row-create	managed	symbolic-only	-	model-managed-row-null-previous-element	4141414141414141414141414141414141414141414141414141414141414141	-	error	1	-	invalid-argument	null-previous-element	0c05f44e2b36b3fbb4006484e3f3d59f21005852933c080dc97aa0f549f84fee	-	1c60484feeda3a338bbebe23295c82f37359dd02cbe40fccf327c36b3ffb3a0b
managed-row-previous-duplicate	managed-funding-row	funding-row-create	managed	symbolic-only	-	model-managed-row-previous-duplicate	4141414141414141414141414141414141414141414141414141414141414141	-	error	3	-	encoding	previous-duplicate	12ffcd5e129c34e99669ca6696b1e16b72947a5869eaf18a7bb744352da20249	-	fdc759abbc5accddd46e2801578f1e0dbc2130ac714c43805843de2813b254db
managed-row-previous-out-of-order	managed-funding-row	funding-row-create	managed	symbolic-only	-	model-managed-row-previous-out-of-order	4141414141414141414141414141414141414141414141414141414141414141	-	error	3	-	encoding	previous-out-of-order	2d1456b93f8d1f570ea1eeae6c25b5095b17a90f1f30d7123654f8d5b316ff75	-	3061075a534193d45d5c9f199b37c57edeef538e5d876ae51a0e99972af02bed
managed-row-previous-plus-one	managed-funding-row	funding-row-create	managed	symbolic-only	-	model-managed-row-previous-plus-one	4141414141414141414141414141414141414141414141414141414141414141	-	error	4	-	limit	previous-plus-one	a11eb50f535b646a55cbfae383eab86751f386c10193c2735264c0610d038b1b	-	e41db38f5e03139ecfc3adfde5dc4a070545afa8b93ae7afe0821d992763e2de
native-encode-address-length-plus-one	native-raw-encoder	encode	native	symbolic-only	-	model-native-encode-address-length-plus-one	4141414141414141414141414141414141414141414141414141414141414141	-	error	4	-	frozen-order	address-length-plus-one	a3008c6af2462adc1423d1fe1a7a32bdbaf7c3c3d89e43161ed034bd3464031b	-	a062d9dd30f1aa28e4218bc107ff7639b1a73acb0c3f4a49f6c56effa9da5ec7
native-encode-address-length-zero	native-raw-encoder	encode	native	symbolic-only	-	model-native-encode-address-length-zero	4141414141414141414141414141414141414141414141414141414141414141	-	error	4	-	frozen-order	address-length-zero	94c4fc9d6c66e1a140bdfb91009cde8e85bba49ee0ac32a00a5cc7449b32112e	-	2bff9a62363e25d8fedf6cfaa114052d4120ed5967d953d40f84822011d7a472
native-encode-aggregate-bytes-plus-one	native-raw-encoder	encode	native	symbolic-only	-	model-native-encode-aggregate-bytes-plus-one	4141414141414141414141414141414141414141414141414141414141414141	-	error	4	-	frozen-order	aggregate-bytes-plus-one	67e6107dd281bab78343343c6488bc26a93939286be7b4cde3c4e70341ac4b8a	-	1b5fe7aea673d1019de666948a76b681f571bbe43a8904cc01449216cd851556
native-encode-aggregate-count-plus-one	native-raw-encoder	encode	native	symbolic-only	-	model-native-encode-aggregate-count-plus-one	4141414141414141414141414141414141414141414141414141414141414141	-	error	4	-	frozen-order	aggregate-count-plus-one	6fcd106fa71905377caac57497d8481b7f6f99e983a26613f931936047695575	-	cbca73a13709a71683a03ac124705c823a2458c7a7859f34a2852ea87c044312
native-encode-conservation-asset	native-raw-encoder	encode	native	symbolic-only	-	model-native-encode-conservation-asset	4141414141414141414141414141414141414141414141414141414141414141	-	error	7	-	frozen-order	conservation-asset	29711b5f525cd9a223d5d8b7db6b0563b36604a4c06e1c5454d225e28de4d249	-	bfee3e3a384b18e7708347ac44dc435e945937a9e3ee596c94a35b6d579b77d0
native-encode-conservation-value	native-raw-encoder	encode	native	symbolic-only	-	model-native-encode-conservation-value	4141414141414141414141414141414141414141414141414141414141414141	-	error	7	-	frozen-order	conservation-value	06fd5f8a5d32cd88cd64ac705248959914815677659f3d50f8a9e0cf101cb094	-	9427ba09d581453acc4f1003380e6e051a2e6c400787c17d426af6193906dc4f
native-encode-destination-count-plus-one	native-raw-encoder	encode	native	symbolic-only	-	model-native-encode-destination-count-plus-one	4141414141414141414141414141414141414141414141414141414141414141	-	error	4	-	frozen-order	destination-count-plus-one	9a5a7c1b6c270a53477459b0a15870b87bf7f2f4465c96a14a40b6f83aa2a921	-	b0040dcddca66c93142559bc7952f1fbefe4bd895d647af80d493af2a654ee42
native-encode-destination-count-zero	native-raw-encoder	encode	native	symbolic-only	-	model-native-encode-destination-count-zero	4141414141414141414141414141414141414141414141414141414141414141	-	error	4	-	frozen-order	destination-count-zero	7c6f4dd0153377863485faa862f59a263f56a4ca364491659ef2003679b931b2	-	a38b32a08734a5f7aa7d79efe6be524b134e65577f2ae721c7bc650b6a668809
native-encode-malformed-address	native-raw-encoder	encode	native	symbolic-only	-	model-native-encode-malformed-address	4141414141414141414141414141414141414141414141414141414141414141	-	error	7	-	frozen-order	malformed-address	7a2252d3fbef7425add4f9a8a566faa3d875c1e8e859cbcd240cd53da22004c9	-	53598f70abd41e4b8a59a24de152938edafbec740a0ce11beede349f6efd2ae5
native-encode-non-ascii-address	native-raw-encoder	encode	native	symbolic-only	-	model-native-encode-non-ascii-address	4141414141414141414141414141414141414141414141414141414141414141	-	error	3	-	frozen-order	non-ascii-address	6a558c38b73e6c4f98db5da13de120c113654b40cd883c0f8cfb3cb44912e9d7	-	b8be79ea00129219f5d856f5be40ff47a9a6c1adc9d3be02607e2a62655a5a79
native-encode-noncanonical-address	native-raw-encoder	encode	native	symbolic-only	-	model-native-encode-noncanonical-address	4141414141414141414141414141414141414141414141414141414141414141	-	error	7	-	frozen-order	noncanonical-address	0cf48f8af08bb67a5f934687efc55995d51149469a3e74d25db6f38afae94534	-	3c846fffb0e184c104430b7aca8c4820ec4f2cb77aef369e1f4d8db4a1f9bfe6
native-encode-nonconfidential-address	native-raw-encoder	encode	native	symbolic-only	-	model-native-encode-nonconfidential-address	4141414141414141414141414141414141414141414141414141414141414141	-	error	7	-	frozen-order	nonconfidential-address	f0007f30e3f89a0ba18d269f739a42c0e025766a00f25ee6d6ecc8b82e7423c7	-	4a5c1f1797634b9eedf53630ac0dd1b90f809369c99ebb18c501cc6b1173b389
native-encode-numeric-ordering	native-raw-encoder	encode	native	symbolic-only	-	model-native-encode-numeric-ordering	4141414141414141414141414141414141414141414141414141414141414141	-	error	4	-	frozen-order	numeric-ordering	ecbf6b0a93c94aa9ef253c72aafe22f215fc971975205bc64207577f427de148	-	b5d3d6649b1b6180b43e1cd3a031c33ae0947f05dc9f9c3e3b06df1dd72519c7
native-encode-ordering-unknown-context	native-raw-encoder	encode	native	symbolic-only	-	model-native-encode-ordering-unknown-context	4141414141414141414141414141414141414141414141414141414141414141	-	error	3	-	frozen-order	ordering-unknown-context	463bfb2685f90953120d666067ab440d7de9871d3705a389a321c8a1ba4b681b	-	7e96c57ab3ec1ea8c19fd98b440e7fd3f555c1966ef3f4f0709ea85c51be7ea7
native-encode-output-index-plus-one	native-raw-encoder	encode	native	symbolic-only	-	model-native-encode-output-index-plus-one	4141414141414141414141414141414141414141414141414141414141414141	-	error	4	-	frozen-order	output-index-plus-one	b473484a87c321ef45a1e3ac6937dbd64f64b6d04aad6cd981bb0c9a71ac315d	-	60511b0868e44734ac4de60e52176eb66a8aa1b9df26bc8f27b496601ad55143
native-encode-previous-out-of-order	native-raw-encoder	encode	native	symbolic-only	-	model-native-encode-previous-out-of-order	4141414141414141414141414141414141414141414141414141414141414141	-	error	3	-	frozen-order	previous-out-of-order	f930fe4cf8f525809114f055d4fed21445b97bd9e0bf9b40fa3c42d700f24360	-	5c29005273b2b4284ffa049259c5725c64c3e565bd8382ed980b34ce164daddd
native-encode-selected-count-plus-one	native-raw-encoder	encode	native	symbolic-only	-	model-native-encode-selected-count-plus-one	4141414141414141414141414141414141414141414141414141414141414141	-	error	4	-	frozen-order	selected-count-plus-one	e4262643af98fc15baf2986232763b04d22f4085136bb2f79d8ed20d174f6dc7	-	640e7f4b9899e6337a1d34c8e99d7e1c29408a4dd9fa19b98de1077094a96e31
native-encode-selected-count-zero	native-raw-encoder	encode	native	symbolic-only	-	model-native-encode-selected-count-zero	4141414141414141414141414141414141414141414141414141414141414141	-	error	4	-	frozen-order	selected-count-zero	328e86ae04a9c219a896cf7cb4b54600d4ade16115d0644af4e83fca71819719	-	662b059f0c0089c8bafe4753b19ec33b2c36220367f658d25609926c188fccd9
native-encode-selected-duplicate	native-raw-encoder	encode	native	symbolic-only	-	model-native-encode-selected-duplicate	4141414141414141414141414141414141414141414141414141414141414141	-	error	3	-	frozen-order	selected-duplicate	201e36b899a565029b75ccd5ff1439e752ba53b5f25abb26f2de7b9f95e5553d	-	429c255ed3f829f29b96cbf8273bffe2516310dffd175382baa6d30e9ab8b7a3
native-encode-transaction-length-plus-one	native-raw-encoder	encode	native	symbolic-only	-	model-native-encode-transaction-length-plus-one	4141414141414141414141414141414141414141414141414141414141414141	-	error	4	-	frozen-order	transaction-length-plus-one	db4955971cd13f6009d9a5dd97827edb1ea29b782f3113df68ee4ea8051195de	-	f13906c3cc653d24609c707edc4d175f6e8ab0cc6eaa5689ed84e15cc7e5f4f7
native-encode-transaction-length-zero	native-raw-encoder	encode	native	symbolic-only	-	model-native-encode-transaction-length-zero	4141414141414141414141414141414141414141414141414141414141414141	-	error	4	-	frozen-order	transaction-length-zero	40127140b618e81c9ef4245af61707b5504804f8376c4ce36954a9635b319624	-	1a43c4fe688cbed10d18ae19fbd032d1f87ec0644c14c427eb49c791ee1588e9
native-encode-unknown-context-bad-address	native-raw-encoder	encode	native	symbolic-only	-	model-native-encode-unknown-context-bad-address	4141414141414141414141414141414141414141414141414141414141414141	-	error	6	-	frozen-order	unknown-context-bad-address	7bbae6cb8a2bc45852466657eea4a7e7d53e2726b5fe149fc716b91cc64a88e7	-	b4c099275439e693fbafeb116377933901388d3ef2d212a511e77018d60f4180
native-encode-unknown-manifest	native-raw-encoder	encode	native	symbolic-only	-	model-native-encode-unknown-manifest	4141414141414141414141414141414141414141414141414141414141414141	-	error	6	-	frozen-order	unknown-manifest	c0ae84a766de0aae13553cf839a86599e2b6a157ea09c04540a528d9657654f2	-	9821fb8322f34ba5eaff1c51d7bbb64a70ce9cc10ff7ec6bc7e3bead4c6fdb8b
native-encode-value-plus-one	native-raw-encoder	encode	native	symbolic-only	-	model-native-encode-value-plus-one	4141414141414141414141414141414141414141414141414141414141414141	-	error	4	-	frozen-order	value-plus-one	16e68a2b2bd839b95e84010c66005c5f2fee7a725a62b9274aecf890937fd751	-	aa966d51b055cb3ebb797077d17c18dd8c2f3238dc0703f27eeebc20daf92589
native-encode-value-zero	native-raw-encoder	encode	native	symbolic-only	-	model-native-encode-value-zero	4141414141414141414141414141414141414141414141414141414141414141	-	error	4	-	frozen-order	value-zero	53605b66e5f42e625eee14da2528c88d749de2bf3240827303025f9f0afecce9	-	1ae4d7756ec862c495a94024aaccee9afbbb495b74db228b2db416619af5fef9
native-encode-wrong-pegged-asset	native-raw-encoder	encode	native	symbolic-only	-	model-native-encode-wrong-pegged-asset	4141414141414141414141414141414141414141414141414141414141414141	-	error	6	-	frozen-order	wrong-pegged-asset	dcf0e4d588affa77626e5d134ff90177f17a65f24ab44e12a5dd2f3be742d87e	-	85ffd0fb9e24c3260a639928fec6e2f4ecea59904b8d52dc3b0ee81558b950ea
native-encode-wrong-profile-address	native-raw-encoder	encode	native	symbolic-only	-	model-native-encode-wrong-profile-address	4141414141414141414141414141414141414141414141414141414141414141	-	error	7	-	frozen-order	wrong-profile-address	4fce859d02d886aec3b1d2f8de16ca02480585df3830425e6a88d4f3110bc5af	-	a457a984680045dec5084ac43b8c79fb7d382665b31362aef060d96fcc68bf75
native-encode-zero-destination-asset	native-raw-encoder	encode	native	symbolic-only	-	model-native-encode-zero-destination-asset	4141414141414141414141414141414141414141414141414141414141414141	-	error	3	-	frozen-order	zero-destination-asset	c43426a46b174f985f305f962232905dd80ef6cb81b21f5c6b90813f59f6c65e	-	6b787a923dbb6073db7f750050f73cbe9acc894e7a4f084ed4609640501f0a38
native-encode-zero-epoch	native-raw-encoder	encode	native	symbolic-only	-	model-native-encode-zero-epoch	4141414141414141414141414141414141414141414141414141414141414141	-	error	1	-	frozen-order	zero-epoch	caee081bbd0153e158c95f0d378d1e7d9b5cf5f04dcca57ab587ace76c5c0890	-	3fd91756540223d5ece11384ef595abddefc25743ce2a8391dde05898dd5f32c
native-encode-zero-epoch-numeric	native-raw-encoder	encode	native	symbolic-only	-	model-native-encode-zero-epoch-numeric	4141414141414141414141414141414141414141414141414141414141414141	-	error	1	-	frozen-order	zero-epoch-numeric	f1902c16ad9d90ea69e042a567536e3ee6917f7dd5766ddcf3cf64c1958ec899	-	49a2c8dac75b819c8ac327f337bc6eddd5bd072363336ba07891dd75f18e7f6a
native-encode-zero-manifest	native-raw-encoder	encode	native	symbolic-only	-	model-native-encode-zero-manifest	4141414141414141414141414141414141414141414141414141414141414141	-	error	3	-	frozen-order	zero-manifest	570f082e764fe30f3df6eb9f7dceab2910780e9041b64704e14155ff4f660639	-	6e9242143a183281a32cec066b9b3747d40482a554ab1756bf4600160a195278
native-encode-zero-pegged-asset	native-raw-encoder	encode	native	symbolic-only	-	model-native-encode-zero-pegged-asset	4141414141414141414141414141414141414141414141414141414141414141	-	error	3	-	frozen-order	zero-pegged-asset	e38b8567d457762a9ecb78ee6fac2e38eece96cfa1b313a3f2b2fa7e7a913566	-	c603479cf502401f640607bc82e398b4708f1fbce66511454f9fc17fa0e600cd
native-encode-zero-selected-asset	native-raw-encoder	encode	native	symbolic-only	-	model-native-encode-zero-selected-asset	4141414141414141414141414141414141414141414141414141414141414141	-	error	3	-	frozen-order	zero-selected-asset	f35de43cc281a5d7008997847357b2f53519f2c805cc970013783921a6eef6c8	-	f76d504277ad7d65c0fd6d767c4bd49b427b09ebd132fe0a8c2e375f142ed077
native-encode-zero-selected-txid	native-raw-encoder	encode	native	symbolic-only	-	model-native-encode-zero-selected-txid	4141414141414141414141414141414141414141414141414141414141414141	-	error	3	-	frozen-order	zero-selected-txid	745c35fdece8be309c1fdb69c6d78f856a3c8870105f7cb587ff2a416e9f2ff4	-	83810cfff48c191b22224c62b2bbc1e31fe21081566466d8ae5f5b758378c60b
prepare-amount-proof	native-prepare	prepare	native	concrete-frame	frame-amount-proof-failure	-	4141414141414141414141414141414141414141414141414141414141414141	catalog-test-0	error	8	-	context-plan-funding	amount-proof-failure	29aa6f20a90323802fbce3fc841258cabed385c5a27eda35d676a9021f15bcb1	-	8390211d2876da38a5f7768ca5b0e773888bbcff1ed74c00a5166011f0be3694
prepare-candidate-id	native-prepare	prepare	native	concrete-frame	frame-candidate-id-mismatch	-	4141414141414141414141414141414141414141414141414141414141414141	catalog-test-0	error	8	-	context-plan-funding	candidate-id-mismatch	9db43877cd3cae4b5d8617b98b69be94a633252d9d4cfc1cb029d56cc1475bfb	-	3981427584d78b23d9033fdead4c0949fc3e6686d61e8089ecbbfebe17c25135
prepare-candidate-noncanonical	native-prepare	prepare	native	concrete-frame	frame-candidate-noncanonical	-	4141414141414141414141414141414141414141414141414141414141414141	catalog-test-0	error	8	-	context-plan-funding	candidate-noncanonical	23286a20d4317559efb133823ee5ef85bd518d50607a928467a423154e439186	-	879f6f61d63adc9b9a03fc9ff0662b92923269099f9886aa9658a291859af664
prepare-combined-context-before-plan-funding	native-prepare	prepare	native	concrete-frame	frame-combined-context-plan-funding	-	4141414141414141414141414141414141414141414141414141414141414141	catalog-test-0	error	6	-	context-plan-funding	combined-context-before-plan-funding	eee7480a4d1fb47b7985146228f8dc22bf6e61af79b9338f3b161358cb2877ca	-	ad27b25173d83608564c88516b744357da2d03fe62688faea18a583aeb316fa6
prepare-combined-plan-before-funding	native-prepare	prepare	native	concrete-frame	frame-combined-plan-funding	-	4141414141414141414141414141414141414141414141414141414141414141	catalog-test-0	error	7	-	context-plan-funding	combined-plan-before-funding	ed3942f82fc08ec160cc4fff34ee80ff4be663ceea78b7fd2388eee56281af8e	-	cfa779467ecddab510f745ae33531ee4008df15a043acbefefc2c83b3d978cbc
prepare-conservation-asset	native-prepare	prepare	native	concrete-frame	frame-conservation-asset-mismatch	-	4141414141414141414141414141414141414141414141414141414141414141	catalog-test-0	error	7	-	context-plan-funding	declared-asset-conservation	5ed2f57cb5173aa8ceb96bdbc2131a8ab116e16f689b09013e6c3743453f2522	-	e994c603d89d798dcbdca00420da9791b1b156f2ba8c296f359efad4470f4b78
prepare-conservation-value	native-prepare	prepare	native	concrete-frame	frame-conservation-value-mismatch	-	4141414141414141414141414141414141414141414141414141414141414141	catalog-test-0	error	7	-	context-plan-funding	declared-value-conservation	185c5a0566ecd385eaf4003db38e6031c1563edee62252a6c24c5b7e8cef496e	-	1c98e8cbcde8df2169cd1f4fac2cffa45283d66b930b1e5aa46559dd6f3268f9
prepare-descriptor-nonownership	native-prepare	prepare	native	concrete-frame	frame-descriptor-nonownership	-	4141414141414141414141414141414141414141414141414141414141414141	catalog-test-0	error	8	-	context-plan-funding	descriptor-nonownership	468f0acc27ee642a93115792836ddaba3a74fdceea5acc9d6040d06646c76772	-	8aed4b839a4b07496aa5854a0dcec3b96d2119d32991395522553d61eda7a60b
prepare-duplicate-previous-identity	native-prepare	prepare	native	concrete-frame	frame-duplicate-previous-identity	-	4141414141414141414141414141414141414141414141414141414141414141	catalog-test-0	error	8	-	context-plan-funding	duplicate-previous-identity	7f965586cbb487d5d4b9970bd83c6e8cf42291f83d830802124042dbc1bd87a8	-	4be132409eb60a8fb304fdef26aafc25557878fd0e408ef087e56a2b14a6bd61
prepare-extra-previous	native-prepare	prepare	native	concrete-frame	frame-extra-previous	-	4141414141414141414141414141414141414141414141414141414141414141	catalog-test-0	error	8	-	context-plan-funding	extra-previous	b6ebbae1a2d001309863967b1f200d9dd7b974eb0a9c38e9e15a434d9a031a0c	-	f41b99cedf860d681d9e69e339d61e47d421534a731e91bcefff447b5e8d3734
prepare-main-public-valid	native-prepare	prepare	native	concrete-frame	frame-main-public-valid	-	4242424242424242424242424242424242424242424242424242424242424242	catalog-main-0	ok	0	-	context-plan-funding	public-funding-valid	f7ed1810999280fc7914bf15538a5292d5511964692b1504929e7cfc65b7be6c	-	98a6f3f1cc7077a04dd001bb7ea24c6c2955a92c696516b01e9e1923e18842d9
prepare-malformed-address	native-prepare	prepare	native	concrete-frame	frame-malformed-address	-	4141414141414141414141414141414141414141414141414141414141414141	catalog-test-0	error	7	-	context-plan-funding	malformed-address	391714b40a4f01c512d27f954e6dd3ef1678c55ab6e42ddb54ef73fdec80c442	-	09e1909cc722ec7c1285017594676bbd816b9259bdb426aa191df74a25933351
prepare-missing-previous	native-prepare	prepare	native	concrete-frame	frame-missing-previous	-	4141414141414141414141414141414141414141414141414141414141414141	catalog-test-0	error	8	-	context-plan-funding	missing-previous	06a522c6952f93fb0014715fa0adbe70e27083f15e8eca299736314f4f2fe31e	-	f772482d8702ce5918b5602bb0f25216554a76f81b109f9a4455f75ddcbe76f7
prepare-noncanonical-address	native-prepare	prepare	native	concrete-frame	frame-noncanonical-address	-	4141414141414141414141414141414141414141414141414141414141414141	catalog-test-0	error	7	-	context-plan-funding	noncanonical-address	62dea071b5a6d67e4be8de31f06dca37cef2c15d955f80175b12305c463bd602	-	a4713215fcf39703dc444717b5d5691fa6963b65c6c8665eeaf1585dfb3fd0a5
prepare-nonconfidential-address	native-prepare	prepare	native	concrete-frame	frame-nonconfidential-address	-	4141414141414141414141414141414141414141414141414141414141414141	catalog-test-0	error	7	-	context-plan-funding	nonconfidential-address	6bd9a737ebf30feca2eb4c5fe47cd670eaaefe49f33d501ab1c30e25618c423f	-	603d08c63c6269d5e650389412f5d9d617d3b4a36466431773b5f15ca92987ea
prepare-output-index	native-prepare	prepare	native	concrete-frame	frame-output-index-mismatch	-	4141414141414141414141414141414141414141414141414141414141414141	catalog-test-0	error	8	-	context-plan-funding	public-output-index-mismatch	7617a6a80841ef07d4fcd1108b02d85ec80aca4135949dca3fb02a6cd8dc0eb9	-	a5e7f00159fbaaf0f70bcb68c2a403a55300caa042315976ec62f22f77a8ebae
prepare-public-output-shape	native-prepare	prepare	native	concrete-frame	frame-public-output-shape	-	4141414141414141414141414141414141414141414141414141414141414141	catalog-test-0	error	8	-	context-plan-funding	public-output-shape	fbdce60fcb1072570c950accbf128b40f31c0a0c88bffb1d3f468a6670e80022	-	260241b416c665b971f4dd554b7a0a3ff5c575c010241908962f7118df6c02a3
prepare-test-public-valid	native-prepare	prepare	native	concrete-frame	frame-test-public-valid	-	4141414141414141414141414141414141414141414141414141414141414141	catalog-test-0	ok	0	-	context-plan-funding	public-funding-valid	fa8cf8321c8de34a8d4d1f8c881b327bf3961520857e2480e5564ccff012153f	-	89f31cf3491feac910e72e0cd07d99aff453e04aca37938005e0595d1fde5225
prepare-test-shared-previous-valid	native-prepare	prepare	native	concrete-frame	frame-test-shared-previous-valid	-	4141414141414141414141414141414141414141414141414141414141414141	catalog-test-0	ok	0	-	context-plan-funding	shared-previous-distinct-vouts	ef47458656fb0f9118ea1f9964b70a72ced729feb2226aac3231ddc8494426e7	-	05500e98343f413f38fcd2c24297a4804dbf89caa351c74d291c2061bbb68a20
prepare-unknown-manifest	native-prepare	prepare	native	concrete-frame	frame-unknown-manifest	-	4141414141414141414141414141414141414141414141414141414141414141	catalog-test-0	error	6	-	context-plan-funding	unknown-manifest	96dbbea351c51ee04fac7f5d0556f9e66be55c1382e93878e0701dfe18265f6b	-	1f93fcc84075fc601cdd3f257ad4c7229d36e33fbc8bcec4f129bf0f15d1b977
prepare-wrong-catalog-main-with-test	native-prepare	prepare	native	concrete-frame	frame-test-public-valid	-	4141414141414141414141414141414141414141414141414141414141414141	catalog-main-0	error	6	-	context-plan-funding	catalog-network-mismatch	fa8cf8321c8de34a8d4d1f8c881b327bf3961520857e2480e5564ccff012153f	-	60c85b5a589de17cb2877c23ba3b89b9e6acba6a82152c402608b97ce1e1bbc7
prepare-wrong-catalog-test-with-main	native-prepare	prepare	native	concrete-frame	frame-main-public-valid	-	4242424242424242424242424242424242424242424242424242424242424242	catalog-test-0	error	6	-	context-plan-funding	catalog-network-mismatch	f7ed1810999280fc7914bf15538a5292d5511964692b1504929e7cfc65b7be6c	-	5d127a955dd42e8c439ab9bbe1fad4806d07e2c7a3d80a88af6632ebee6e68a4
prepare-wrong-pegged-asset	native-prepare	prepare	native	concrete-frame	frame-wrong-pegged-asset	-	4141414141414141414141414141414141414141414141414141414141414141	catalog-test-0	error	6	-	context-plan-funding	pegged-asset-mismatch	c41a753122c5ccb06091527f35d31eca10801eee169ccc6d802d25a0fe36c033	-	ecf7c6196ac9bdd3f5df8b02c96ebbb9585548ed8a559adae8f77dd8becfb6b6
prepare-wrong-pegged-asset-main	native-prepare	prepare	native	concrete-frame	frame-main-wrong-pegged-asset	-	4242424242424242424242424242424242424242424242424242424242424242	catalog-main-0	error	6	-	context-plan-funding	pegged-asset-mismatch-main	229460f395c662898ad4d6c950e167cb25d87870f693174832f9cba5fdd7b780	-	9fccab0fbed2053b9ca1358a04135bf01c3280d7e9453500f03e6d1801f1d92c
prepare-wrong-profile-address	native-prepare	prepare	native	concrete-frame	frame-wrong-profile-address	-	4141414141414141414141414141414141414141414141414141414141414141	catalog-test-0	error	7	-	context-plan-funding	wrong-address-profile	899b76f96ff6deaafc9e3f954e392249487e72f16e2af9e4bc67a859859f7ed8	-	c7598758bd41cc2741def8d655540e04eb34342bad86fd586d45b855a7590e81
prepare-wrong-profile-address-main	native-prepare	prepare	native	concrete-frame	frame-main-wrong-profile-address	-	4242424242424242424242424242424242424242424242424242424242424242	catalog-main-0	error	7	-	context-plan-funding	wrong-address-profile-main	4b133d3f52724b827b0aa195b8d0274923842cb7e15f0c3a62a4b6b5ad6bb4ba	-	c81cc9a929854a3844f7e95cbd1d85b44256a3ad152041e3a75abd6433e039bb
reencode-amount-proof-failure	native-reencode	reencode	native	concrete-frame	frame-amount-proof-failure	-	4141414141414141414141414141414141414141414141414141414141414141	-	ok	0	frame-amount-proof-failure	-	byte-identical	29aa6f20a90323802fbce3fc841258cabed385c5a27eda35d676a9021f15bcb1	29aa6f20a90323802fbce3fc841258cabed385c5a27eda35d676a9021f15bcb1	713760601eb6e11a7e237dd73b6821eb1db71377682dda37c115c234be4885c9
reencode-candidate-id-mismatch	native-reencode	reencode	native	concrete-frame	frame-candidate-id-mismatch	-	4141414141414141414141414141414141414141414141414141414141414141	-	ok	0	frame-candidate-id-mismatch	-	byte-identical	9db43877cd3cae4b5d8617b98b69be94a633252d9d4cfc1cb029d56cc1475bfb	9db43877cd3cae4b5d8617b98b69be94a633252d9d4cfc1cb029d56cc1475bfb	7b8f10b3cf996796e7cbe01d0c5d32f8df2dcd3f99bc1706761bcc682bd45482
reencode-candidate-noncanonical	native-reencode	reencode	native	concrete-frame	frame-candidate-noncanonical	-	4141414141414141414141414141414141414141414141414141414141414141	-	ok	0	frame-candidate-noncanonical	-	byte-identical	23286a20d4317559efb133823ee5ef85bd518d50607a928467a423154e439186	23286a20d4317559efb133823ee5ef85bd518d50607a928467a423154e439186	c06950bfb19904c001b916d59eb438edbd4cd9fcd2f725cfb1be8feb8012bdaa
reencode-combined-context-plan-funding	native-reencode	reencode	native	concrete-frame	frame-combined-context-plan-funding	-	4141414141414141414141414141414141414141414141414141414141414141	-	ok	0	frame-combined-context-plan-funding	-	byte-identical	eee7480a4d1fb47b7985146228f8dc22bf6e61af79b9338f3b161358cb2877ca	eee7480a4d1fb47b7985146228f8dc22bf6e61af79b9338f3b161358cb2877ca	5fcdf77a794521c9e4d78ef35f7431efe2e1a3cbce14a770d308da8e5c912d4d
reencode-combined-plan-funding	native-reencode	reencode	native	concrete-frame	frame-combined-plan-funding	-	4141414141414141414141414141414141414141414141414141414141414141	-	ok	0	frame-combined-plan-funding	-	byte-identical	ed3942f82fc08ec160cc4fff34ee80ff4be663ceea78b7fd2388eee56281af8e	ed3942f82fc08ec160cc4fff34ee80ff4be663ceea78b7fd2388eee56281af8e	daf8448017e4faca31e8cdfff5af327073ac93d02cf6f7c90ec5826b4de632ea
reencode-conservation-asset-mismatch	native-reencode	reencode	native	concrete-frame	frame-conservation-asset-mismatch	-	4141414141414141414141414141414141414141414141414141414141414141	-	ok	0	frame-conservation-asset-mismatch	-	byte-identical	5ed2f57cb5173aa8ceb96bdbc2131a8ab116e16f689b09013e6c3743453f2522	5ed2f57cb5173aa8ceb96bdbc2131a8ab116e16f689b09013e6c3743453f2522	ce744e3ba35692ceaec4f82b35f63239174e4d7b3977512eb4582a9217cee62f
reencode-conservation-value-mismatch	native-reencode	reencode	native	concrete-frame	frame-conservation-value-mismatch	-	4141414141414141414141414141414141414141414141414141414141414141	-	ok	0	frame-conservation-value-mismatch	-	byte-identical	185c5a0566ecd385eaf4003db38e6031c1563edee62252a6c24c5b7e8cef496e	185c5a0566ecd385eaf4003db38e6031c1563edee62252a6c24c5b7e8cef496e	2f6c91e3d61ab9d8c5689589f6f8429989ffc5a7e7d268f4ae61c0e4c508d798
reencode-descriptor-nonownership	native-reencode	reencode	native	concrete-frame	frame-descriptor-nonownership	-	4141414141414141414141414141414141414141414141414141414141414141	-	ok	0	frame-descriptor-nonownership	-	byte-identical	468f0acc27ee642a93115792836ddaba3a74fdceea5acc9d6040d06646c76772	468f0acc27ee642a93115792836ddaba3a74fdceea5acc9d6040d06646c76772	c4ab723cb5237bee5ec4eb915b3e06c3cc0f410ae101f73f4f800c625a317eb6
reencode-duplicate-previous-identity	native-reencode	reencode	native	concrete-frame	frame-duplicate-previous-identity	-	4141414141414141414141414141414141414141414141414141414141414141	-	ok	0	frame-duplicate-previous-identity	-	byte-identical	7f965586cbb487d5d4b9970bd83c6e8cf42291f83d830802124042dbc1bd87a8	7f965586cbb487d5d4b9970bd83c6e8cf42291f83d830802124042dbc1bd87a8	fdf8d610d47858d0b08b6d8beb2ab0dd05f7a36859f5c2a1826f687958fbfb93
reencode-extra-previous	native-reencode	reencode	native	concrete-frame	frame-extra-previous	-	4141414141414141414141414141414141414141414141414141414141414141	-	ok	0	frame-extra-previous	-	byte-identical	b6ebbae1a2d001309863967b1f200d9dd7b974eb0a9c38e9e15a434d9a031a0c	b6ebbae1a2d001309863967b1f200d9dd7b974eb0a9c38e9e15a434d9a031a0c	3199ff4e1458e186104aa90704935ad6eda53efa7823026596bb21a49301d107
reencode-main-public-valid	native-reencode	reencode	native	concrete-frame	frame-main-public-valid	-	4242424242424242424242424242424242424242424242424242424242424242	-	ok	0	frame-main-public-valid	-	byte-identical	f7ed1810999280fc7914bf15538a5292d5511964692b1504929e7cfc65b7be6c	f7ed1810999280fc7914bf15538a5292d5511964692b1504929e7cfc65b7be6c	923c44d0748cdd19de165d866285929983cdfacdc5420254d6ba517a65ffe5ea
reencode-main-wrong-pegged-asset	native-reencode	reencode	native	concrete-frame	frame-main-wrong-pegged-asset	-	4242424242424242424242424242424242424242424242424242424242424242	-	ok	0	frame-main-wrong-pegged-asset	-	byte-identical	229460f395c662898ad4d6c950e167cb25d87870f693174832f9cba5fdd7b780	229460f395c662898ad4d6c950e167cb25d87870f693174832f9cba5fdd7b780	9959b21590b69cfbb1af645b3c9c6659043d186df9d16a89fb54d2887378e0de
reencode-main-wrong-profile-address	native-reencode	reencode	native	concrete-frame	frame-main-wrong-profile-address	-	4242424242424242424242424242424242424242424242424242424242424242	-	ok	0	frame-main-wrong-profile-address	-	byte-identical	4b133d3f52724b827b0aa195b8d0274923842cb7e15f0c3a62a4b6b5ad6bb4ba	4b133d3f52724b827b0aa195b8d0274923842cb7e15f0c3a62a4b6b5ad6bb4ba	72b53262cf9366f07831d6303ec1899aabdd16eb56511c682d67e149cc9178d0
reencode-malformed-address	native-reencode	reencode	native	concrete-frame	frame-malformed-address	-	4141414141414141414141414141414141414141414141414141414141414141	-	ok	0	frame-malformed-address	-	byte-identical	391714b40a4f01c512d27f954e6dd3ef1678c55ab6e42ddb54ef73fdec80c442	391714b40a4f01c512d27f954e6dd3ef1678c55ab6e42ddb54ef73fdec80c442	857e2ec3fa991f2063e18e1ec5e86bcab521dfae3771a9c582250e678cecc37d
reencode-missing-previous	native-reencode	reencode	native	concrete-frame	frame-missing-previous	-	4141414141414141414141414141414141414141414141414141414141414141	-	ok	0	frame-missing-previous	-	byte-identical	06a522c6952f93fb0014715fa0adbe70e27083f15e8eca299736314f4f2fe31e	06a522c6952f93fb0014715fa0adbe70e27083f15e8eca299736314f4f2fe31e	dcfb0d048f5f716b77c60174e20c70109ab20bd66882c702d91646f5f7c8f538
reencode-noncanonical-address	native-reencode	reencode	native	concrete-frame	frame-noncanonical-address	-	4141414141414141414141414141414141414141414141414141414141414141	-	ok	0	frame-noncanonical-address	-	byte-identical	62dea071b5a6d67e4be8de31f06dca37cef2c15d955f80175b12305c463bd602	62dea071b5a6d67e4be8de31f06dca37cef2c15d955f80175b12305c463bd602	e7874305460604f7a525c05bb5aaf6093dc32db88fdf870f561d422791e2a75b
reencode-nonconfidential-address	native-reencode	reencode	native	concrete-frame	frame-nonconfidential-address	-	4141414141414141414141414141414141414141414141414141414141414141	-	ok	0	frame-nonconfidential-address	-	byte-identical	6bd9a737ebf30feca2eb4c5fe47cd670eaaefe49f33d501ab1c30e25618c423f	6bd9a737ebf30feca2eb4c5fe47cd670eaaefe49f33d501ab1c30e25618c423f	b9a6fab6c4b229cb2172fad598296c6f9e523de29cf9320d45ccf295df464a78
reencode-output-index-mismatch	native-reencode	reencode	native	concrete-frame	frame-output-index-mismatch	-	4141414141414141414141414141414141414141414141414141414141414141	-	ok	0	frame-output-index-mismatch	-	byte-identical	7617a6a80841ef07d4fcd1108b02d85ec80aca4135949dca3fb02a6cd8dc0eb9	7617a6a80841ef07d4fcd1108b02d85ec80aca4135949dca3fb02a6cd8dc0eb9	2d6c36da066094ad51cb7025a8a6844a6e6ca4a80d83f85464fe78184b45bc53
reencode-public-output-shape	native-reencode	reencode	native	concrete-frame	frame-public-output-shape	-	4141414141414141414141414141414141414141414141414141414141414141	-	ok	0	frame-public-output-shape	-	byte-identical	fbdce60fcb1072570c950accbf128b40f31c0a0c88bffb1d3f468a6670e80022	fbdce60fcb1072570c950accbf128b40f31c0a0c88bffb1d3f468a6670e80022	7c0514664da339a12ce1ebb14419b91d7b52731c0d2359f30a1da1476a8f0c82
reencode-test-public-valid	native-reencode	reencode	native	concrete-frame	frame-test-public-valid	-	4141414141414141414141414141414141414141414141414141414141414141	-	ok	0	frame-test-public-valid	-	byte-identical	fa8cf8321c8de34a8d4d1f8c881b327bf3961520857e2480e5564ccff012153f	fa8cf8321c8de34a8d4d1f8c881b327bf3961520857e2480e5564ccff012153f	7ebd392255cf0a392c17ffe7eee5109f671fcda46a13d28e715496fa9d409e5d
reencode-test-shared-previous-valid	native-reencode	reencode	native	concrete-frame	frame-test-shared-previous-valid	-	4141414141414141414141414141414141414141414141414141414141414141	-	ok	0	frame-test-shared-previous-valid	-	byte-identical	ef47458656fb0f9118ea1f9964b70a72ced729feb2226aac3231ddc8494426e7	ef47458656fb0f9118ea1f9964b70a72ced729feb2226aac3231ddc8494426e7	a9dd12e8a5ebc251b32fb6450e01da4c10920e3d986858aad8d4e45c8b102906
reencode-test-toy-multiasset	native-reencode	reencode	native	concrete-frame	frame-test-toy-multiasset	-	4141414141414141414141414141414141414141414141414141414141414141	-	ok	0	frame-test-toy-multiasset	-	byte-identical	18b492be86f8ab55c6029849c1a35fa7e2138e27c13cb2c564b37addd99774f5	18b492be86f8ab55c6029849c1a35fa7e2138e27c13cb2c564b37addd99774f5	3d7b0037d259bace6f75dd4d17661c803b8d137d8b7bf40c9e1f7f6fe9a5132f
reencode-test-toy-ordered	native-reencode	reencode	native	concrete-frame	frame-test-toy-ordered	-	4141414141414141414141414141414141414141414141414141414141414141	-	ok	0	frame-test-toy-ordered	-	byte-identical	909088e306d2e9d6941dc28c05012f8db3ce3b72a89626474936e0715d4b5ef3	909088e306d2e9d6941dc28c05012f8db3ce3b72a89626474936e0715d4b5ef3	8337c0a4f15a8bc42311c26010a9de19d1cc61eb92ac4bcd4125ae904cfe9c8e
reencode-test-toy-repeated-candidate	native-reencode	reencode	native	concrete-frame	frame-test-toy-repeated-candidate	-	4141414141414141414141414141414141414141414141414141414141414141	-	ok	0	frame-test-toy-repeated-candidate	-	byte-identical	48fa91aa618d0b0688639e67a217a924321a84334dbf894a4b53710ec3481c02	48fa91aa618d0b0688639e67a217a924321a84334dbf894a4b53710ec3481c02	3afc4868352151910df1d98116f4e10c305a49fb633c0573f9d5b3cd553e0df7
reencode-test-toy-single	native-reencode	reencode	native	concrete-frame	frame-test-toy-single	-	4141414141414141414141414141414141414141414141414141414141414141	-	ok	0	frame-test-toy-single	-	byte-identical	301e282dec76985d4b6e19396fb38d33f76005c426c63b5691a391b89e9d2f2d	301e282dec76985d4b6e19396fb38d33f76005c426c63b5691a391b89e9d2f2d	a85076f7f87512a1ce879c7a0ef0907944ffcbccdc7357de11f79531f76c1268
reencode-unknown-manifest	native-reencode	reencode	native	concrete-frame	frame-unknown-manifest	-	4141414141414141414141414141414141414141414141414141414141414141	-	ok	0	frame-unknown-manifest	-	byte-identical	96dbbea351c51ee04fac7f5d0556f9e66be55c1382e93878e0701dfe18265f6b	96dbbea351c51ee04fac7f5d0556f9e66be55c1382e93878e0701dfe18265f6b	bc37df59dd50b41ff76e71325703dcbf81aa826fb43a3643dc27ebdf9738ee42
reencode-wrong-pegged-asset	native-reencode	reencode	native	concrete-frame	frame-wrong-pegged-asset	-	4141414141414141414141414141414141414141414141414141414141414141	-	ok	0	frame-wrong-pegged-asset	-	byte-identical	c41a753122c5ccb06091527f35d31eca10801eee169ccc6d802d25a0fe36c033	c41a753122c5ccb06091527f35d31eca10801eee169ccc6d802d25a0fe36c033	49f9b39bdcdbdae39939e8c39f9215059b474bf71381f0c793f240ca29efddc5
reencode-wrong-profile-address	native-reencode	reencode	native	concrete-frame	frame-wrong-profile-address	-	4141414141414141414141414141414141414141414141414141414141414141	-	ok	0	frame-wrong-profile-address	-	byte-identical	899b76f96ff6deaafc9e3f954e392249487e72f16e2af9e4bc67a859859f7ed8	899b76f96ff6deaafc9e3f954e392249487e72f16e2af9e4bc67a859859f7ed8	4758aa004222deb06c42e33b2b86ed4f50670c4b4104fa0b037f71e7159ef1ad
shared-encode-main-public	shared-encoder	encode	managed+native	concrete-frame	frame-main-public-valid	model-main-public	4242424242424242424242424242424242424242424242424242424242424242	-	ok	0	frame-main-public-valid	-	mainnet,public-funding	7214ce44886c2dd13c670d35ca7c6409dec272fb4a55d1a1b73a5e9d59ba24f8	f7ed1810999280fc7914bf15538a5292d5511964692b1504929e7cfc65b7be6c	04782605c9e933a7517e39632ea4c8b1dc575a4a0bf19a0607de7bc71f9c5b0f
shared-encode-multiasset	shared-encoder	encode	managed+native	concrete-frame	frame-test-toy-multiasset	model-multiasset	4141414141414141414141414141414141414141414141414141414141414141	-	ok	0	frame-test-toy-multiasset	-	multiasset-exact-balance	168a81ca82aacee54ae0164aad594ab17f97f5a067d532b1e7d820d593c2f84f	18b492be86f8ab55c6029849c1a35fa7e2138e27c13cb2c564b37addd99774f5	887d9829df818353ee80276c432bb39452cd8a00e4646204af333b5495050254
shared-encode-repeated-candidate	shared-encoder	encode	managed+native	concrete-frame	frame-test-toy-repeated-candidate	model-repeated-candidate	4141414141414141414141414141414141414141414141414141414141414141	-	ok	0	frame-test-toy-repeated-candidate	-	repeated-candidate-payload	6da792aea5f8b14bc21584d805e49aec4940feb3c39ce78032bfe8ed0552a932	48fa91aa618d0b0688639e67a217a924321a84334dbf894a4b53710ec3481c02	94e6480343e3efa1b24a6c3301753f9df409d7389b7eee6ce2f57cb44bff35cd
shared-encode-selected-and-previous-order	shared-encoder	encode	managed+native	concrete-frame	frame-test-toy-ordered	model-selected-and-previous-order	4141414141414141414141414141414141414141414141414141414141414141	-	ok	0	frame-test-toy-ordered	-	display-txid-order,previous-byte-order,destination-caller-order	302b781cba7c304901f2fe543fce4dd345aa28ec13875871a72785c938ce116d	909088e306d2e9d6941dc28c05012f8db3ce3b72a89626474936e0715d4b5ef3	32a5139be8703fbd2ad63a94ce84b6a61d9a5321e0edf052e758e0bc75f47b1b
shared-encode-test-public	shared-encoder	encode	managed+native	concrete-frame	frame-test-public-valid	model-test-public	4141414141414141414141414141414141414141414141414141414141414141	-	ok	0	frame-test-public-valid	-	testnet,public-funding,empty-previous:no	989d44ffa7d74191770e951fd67f4af8bf9d56f3f225433a7b666a5bcd5c68d4	fa8cf8321c8de34a8d4d1f8c881b327bf3961520857e2480e5564ccff012153f	51a4875b4667bbc6993b98f7d66782d8a62b897a7c0eccdcf9644c46cc06b2b5
shared-encode-test-shared-previous	shared-encoder	encode	managed+native	concrete-frame	frame-test-shared-previous-valid	model-test-shared-previous	4141414141414141414141414141414141414141414141414141414141414141	-	ok	0	frame-test-shared-previous-valid	-	testnet,public-funding,two-inputs-one-previous	b1525c809b11db2beae1c23dc597adfbaa7d7c6e4ff1fc898c94b10e7c7653b5	ef47458656fb0f9118ea1f9964b70a72ced729feb2226aac3231ddc8494426e7	284825f67444f318cdbd0383607221a98af212df563c338796176f64f6d90fd3
shared-encode-toy-empty-previous	shared-encoder	encode	managed+native	concrete-frame	frame-test-toy-single	model-toy-empty-previous	4141414141414141414141414141414141414141414141414141414141414141	-	ok	0	frame-test-toy-single	-	empty-previous,minimum-counts,caller-destination-order	030b639915ed26aafbe93c6f4763edd0cb5eb40bc8e1beaf01308d216c1127f7	301e282dec76985d4b6e19396fb38d33f76005c426c63b5691a391b89e9d2f2d	8df9511976d09d35735c1bcc8c3d64ef2c1fc8ec9a37ab5aafac1f5b5103378b
shared-encode-zero-epoch	shared-encoder	encode	managed+native	symbolic-only	-	model-zero-epoch	0000000000000000000000000000000000000000000000000000000000000000	-	error	1	-	invalid-argument	zero-source-epoch	e9b291bbc16a3bdbad3b42e5bff5b15ffe57cd206042470e9fc90c6d343db2fb	-	22295314d3d1f85becd097409730fff7a9a521b0205255c9d8ada3826052ccc2
