frame_id	execution_class	relative_path	decoded_length	decoded_sha256	structural_result	structural_error_code	parent_frame_id	mutation_id	source_epoch_hex	source_revision	manifest_id_hex	pegged_asset_consensus_hex	selected_count	destination_count	aggregate_previous_count	fee_value	selected_txids_consensus_hex	selected_txids_display_hex	destination_assets_consensus_hex	destination_addresses_hex	payload_hash_manifest
frame-address-length-plus-one	concrete-frame	frames/frame-address-length-plus-one.hex	391	27de77830d35cd7fd9cbb049995c3074d605729ef9236162d6bfac5681498a3b	error	4	frame-test-toy-single	mutation-frame-address-length-plus-one	-	-	-	-	-	-	-	-	-	-	-	-	-
frame-address-length-zero	concrete-frame	frames/frame-address-length-zero.hex	391	2f05c2831c370438283265496de8b843ec051262ea02383e44c2c0ef00caa218	error	4	frame-test-toy-single	mutation-frame-address-length-zero	-	-	-	-	-	-	-	-	-	-	-	-	-
frame-address-non-ascii	concrete-frame	frames/frame-address-non-ascii.hex	391	2714d0a62e7006bca6b59df554accadd5fb48fddbbb1730618b0b3c72ceb9c0b	error	3	frame-test-toy-single	mutation-frame-address-non-ascii	-	-	-	-	-	-	-	-	-	-	-	-	-
frame-aggregate-count-plus-one	concrete-frame	frames/frame-aggregate-count-plus-one.hex	391	e4f65bf4f45924ae6556507992617c4dc808382cfed7372ca7d190e8adc37c25	error	4	frame-test-toy-single	mutation-frame-aggregate-count-plus-one	-	-	-	-	-	-	-	-	-	-	-	-	-
frame-aggregate-in-range-over	concrete-frame	frames/frame-aggregate-in-range-over.hex	391	ec78305ff28fe9182949c2a176ffe74093ce7d4860ea9c4a34071a07f77e212c	error	3	frame-test-toy-single	mutation-frame-aggregate-in-range-over	-	-	-	-	-	-	-	-	-	-	-	-	-
frame-aggregate-in-range-under	concrete-frame	frames/frame-aggregate-in-range-under.hex	650	241d42013e788399e9c8c60233139d55ea04042bfda222b054e2e5c91d149521	error	3	frame-test-toy-ordered	mutation-frame-aggregate-in-range-under	-	-	-	-	-	-	-	-	-	-	-	-	-
frame-amount-proof-failure	concrete-frame	frames/frame-amount-proof-failure.hex	743	29aa6f20a90323802fbce3fc841258cabed385c5a27eda35d676a9021f15bcb1	ok	0	frame-test-public-valid	mutation-frame-amount-proof-failure	4141414141414141414141414141414141414141414141414141414141414141	19	e4e7ec03e19ce5f83fd04c586788b724d88052b65ef2480cc93bcd50324f6b20	499a818545f6bae39fc03b637f2a4e1e64e590cac1bc3a6f6d71aa4443654c14	1	1	1	100	c04f8699c87fdbe9386b8b39e64c629ecadd0392d476668fb6b2dfb9c2e61dc7	c71de6c2b9dfb2b68f6676d49203ddca9e624ce6398b6b38e9db7fc899864fc0	499a818545f6bae39fc03b637f2a4e1e64e590cac1bc3a6f6d71aa4443654c14	746c713171717433746c657768387172746e33686a3036676d3075787375666371616a6361356a343733746c30387330716e657a7a6c3965676c356d723635757461676678676c6d70636336746d3461386a387438647067776a3977676a746e796673347836	9f7e91ec80d8ad974815799d56368e59bd824a5544d5076d7f0f774a1024c26d/4850b5ae65f9edd5a054e8dc6ba1e405bb5bee67905cbc6af2e4ec6f2cc96cb2
frame-candidate-id-mismatch	concrete-frame	frames/frame-candidate-id-mismatch.hex	4919	9db43877cd3cae4b5d8617b98b69be94a633252d9d4cfc1cb029d56cc1475bfb	ok	0	frame-test-public-valid	mutation-frame-candidate-id-mismatch	4141414141414141414141414141414141414141414141414141414141414141	19	e4e7ec03e19ce5f83fd04c586788b724d88052b65ef2480cc93bcd50324f6b20	499a818545f6bae39fc03b637f2a4e1e64e590cac1bc3a6f6d71aa4443654c14	1	1	1	100	c14f8699c87fdbe9386b8b39e64c629ecadd0392d476668fb6b2dfb9c2e61dc7	c71de6c2b9dfb2b68f6676d49203ddca9e624ce6398b6b38e9db7fc899864fc1	499a818545f6bae39fc03b637f2a4e1e64e590cac1bc3a6f6d71aa4443654c14	746c713171717433746c657768387172746e33686a3036676d3075787375666371616a6361356a343733746c30387330716e657a7a6c3965676c356d723635757461676678676c6d70636336746d3461386a387438647067776a3977676a746e796673347836	c6c96d3455902b91dbe2dbfe0029946a7a80ca45148b29564026df849416ab6b/4850b5ae65f9edd5a054e8dc6ba1e405bb5bee67905cbc6af2e4ec6f2cc96cb2
frame-candidate-length-plus-one	concrete-frame	frames/frame-candidate-length-plus-one.hex	391	fe3487a9316c8b6c3b505f5588b0e7ba0a8cc10574e7399ab39420e9c575d36a	error	4	frame-test-toy-single	mutation-frame-candidate-length-plus-one	-	-	-	-	-	-	-	-	-	-	-	-	-
frame-candidate-length-zero	concrete-frame	frames/frame-candidate-length-zero.hex	391	69d7e50542bdff5f4303de8e8010dd6ae53571bbaeba631788a8e4760bfb9c1d	error	4	frame-test-toy-single	mutation-frame-candidate-length-zero	-	-	-	-	-	-	-	-	-	-	-	-	-
frame-candidate-noncanonical	concrete-frame	frames/frame-candidate-noncanonical.hex	4920	23286a20d4317559efb133823ee5ef85bd518d50607a928467a423154e439186	ok	0	frame-test-public-valid	mutation-frame-candidate-noncanonical	4141414141414141414141414141414141414141414141414141414141414141	19	e4e7ec03e19ce5f83fd04c586788b724d88052b65ef2480cc93bcd50324f6b20	499a818545f6bae39fc03b637f2a4e1e64e590cac1bc3a6f6d71aa4443654c14	1	1	1	100	c04f8699c87fdbe9386b8b39e64c629ecadd0392d476668fb6b2dfb9c2e61dc7	c71de6c2b9dfb2b68f6676d49203ddca9e624ce6398b6b38e9db7fc899864fc0	499a818545f6bae39fc03b637f2a4e1e64e590cac1bc3a6f6d71aa4443654c14	746c713171717433746c657768387172746e33686a3036676d3075787375666371616a6361356a343733746c30387330716e657a7a6c3965676c356d723635757461676678676c6d70636336746d3461386a387438647067776a3977676a746e796673347836	13b96cc2295de221ac1b70a1c2bbbfb4a3abaef220536dd4fd3b5350c1bb4a4a/4850b5ae65f9edd5a054e8dc6ba1e405bb5bee67905cbc6af2e4ec6f2cc96cb2
frame-combined-body-limit	concrete-frame	frames/frame-combined-body-limit.hex	391	a9ee16d5bb64a3e1c87873ae9913a11c1babb8d9278a8dbae7dc4e28f0648d9c	error	4	frame-test-toy-single	mutation-frame-combined-body-limit	4141414141414141414141414141414141414141414141414141414141414141	7	e4e7ec03e19ce5f83fd04c586788b724d88052b65ef2480cc93bcd50324f6b20	499a818545f6bae39fc03b637f2a4e1e64e590cac1bc3a6f6d71aa4443654c14	1	1	0	1	3131313131313131313131313131313131313131313131313131313131313131	3131313131313131313131313131313131313131313131313131313131313131	499a818545f6bae39fc03b637f2a4e1e64e590cac1bc3a6f6d71aa4443654c14	746c713171717433746c657768387172746e33686a3036676d3075787375666371616a6361356a343733746c30387330716e657a7a6c3965676c356d723635757461676678676c6d70636336746d3461386a387438647067776a3977676a746e796673347836	4bf5122f344554c53bde2ebb8cd2b7e3d1600ad631c385a5d7cce23c7785459a/-
frame-combined-context-plan-funding	concrete-frame	frames/frame-combined-context-plan-funding.hex	4920	eee7480a4d1fb47b7985146228f8dc22bf6e61af79b9338f3b161358cb2877ca	ok	0	frame-combined-plan-funding	mutation-frame-combined-context-plan-funding	4141414141414141414141414141414141414141414141414141414141414141	19	9999999999999999999999999999999999999999999999999999999999999999	499a818545f6bae39fc03b637f2a4e1e64e590cac1bc3a6f6d71aa4443654c14	1	1	1	100	c04f8699c87fdbe9386b8b39e64c629ecadd0392d476668fb6b2dfb9c2e61dc7	c71de6c2b9dfb2b68f6676d49203ddca9e624ce6398b6b38e9db7fc899864fc0	499a818545f6bae39fc03b637f2a4e1e64e590cac1bc3a6f6d71aa4443654c14	787878787878787878787878787878787878787878787878787878787878787878787878787878787878787878787878787878787878787878787878787878787878787878787878787878787878787878787878787878787878787878787878787878787878	13b96cc2295de221ac1b70a1c2bbbfb4a3abaef220536dd4fd3b5350c1bb4a4a/4850b5ae65f9edd5a054e8dc6ba1e405bb5bee67905cbc6af2e4ec6f2cc96cb2
frame-combined-non-ascii-value	concrete-frame	frames/frame-combined-non-ascii-value.hex	391	82d4a9887db532994697e640c47a019a7c9b319d7b8d494cbe70bc1530b89071	error	4	frame-address-non-ascii	mutation-frame-combined-non-ascii-value	-	-	-	-	-	-	-	-	-	-	-	-	-
frame-combined-numeric-structural	concrete-frame	frames/frame-combined-numeric-structural.hex	391	8466113ee4fa79661c25596820f4b46553f2dfc0390237c477501856d333c686	error	4	frame-selected-reserved	mutation-frame-combined-numeric-structural	-	-	-	-	-	-	-	-	-	-	-	-	-
frame-combined-plan-funding	concrete-frame	frames/frame-combined-plan-funding.hex	4920	ed3942f82fc08ec160cc4fff34ee80ff4be663ceea78b7fd2388eee56281af8e	ok	0	frame-candidate-noncanonical	mutation-frame-combined-plan-funding	4141414141414141414141414141414141414141414141414141414141414141	19	e4e7ec03e19ce5f83fd04c586788b724d88052b65ef2480cc93bcd50324f6b20	499a818545f6bae39fc03b637f2a4e1e64e590cac1bc3a6f6d71aa4443654c14	1	1	1	100	c04f8699c87fdbe9386b8b39e64c629ecadd0392d476668fb6b2dfb9c2e61dc7	c71de6c2b9dfb2b68f6676d49203ddca9e624ce6398b6b38e9db7fc899864fc0	499a818545f6bae39fc03b637f2a4e1e64e590cac1bc3a6f6d71aa4443654c14	787878787878787878787878787878787878787878787878787878787878787878787878787878787878787878787878787878787878787878787878787878787878787878787878787878787878787878787878787878787878787878787878787878787878	13b96cc2295de221ac1b70a1c2bbbfb4a3abaef220536dd4fd3b5350c1bb4a4a/4850b5ae65f9edd5a054e8dc6ba1e405bb5bee67905cbc6af2e4ec6f2cc96cb2
frame-combined-previous-order-value	concrete-frame	frames/frame-combined-previous-order-value.hex	650	d1452f63ce2fe69f3155c0a496f8c2008e427fe0a0c7cea50825cfcbd2165b93	error	4	frame-previous-out-of-order	mutation-frame-combined-previous-order-value	-	-	-	-	-	-	-	-	-	-	-	-	-
frame-combined-selected-order-value	concrete-frame	frames/frame-combined-selected-order-value.hex	650	8e070ff26e78e56b8644c759b7576702c759b45c9359157f04f7c2321626ba98	error	4	frame-selected-out-of-order	mutation-frame-combined-selected-order-value	-	-	-	-	-	-	-	-	-	-	-	-	-
frame-combined-short-zero-expected	concrete-frame	frames/frame-combined-short-zero-expected.hex	7	7847d2fd4602585e0146fa0dc3a74d7f3531a13d71a3c852c906e7bfec584042	error	3	frame-short-seven	mutation-frame-combined-short-zero-expected	-	-	-	-	-	-	-	-	-	-	-	-	-
frame-combined-structural-context	concrete-frame	frames/frame-combined-structural-context.hex	4869	d42495d623bf56b3b1c87ffea6bd6d498aa30f0334faea95bf8aee959841b1ce	error	3	frame-unknown-manifest	mutation-frame-combined-structural-context	4141414141414141414141414141414141414141414141414141414141414141	19	9999999999999999999999999999999999999999999999999999999999999999	499a818545f6bae39fc03b637f2a4e1e64e590cac1bc3a6f6d71aa4443654c14	1	1	2	100	c04f8699c87fdbe9386b8b39e64c629ecadd0392d476668fb6b2dfb9c2e61dc7	c71de6c2b9dfb2b68f6676d49203ddca9e624ce6398b6b38e9db7fc899864fc0	499a818545f6bae39fc03b637f2a4e1e64e590cac1bc3a6f6d71aa4443654c14	746c713171717433746c657768387172746e33686a3036676d3075787375666371616a6361356a343733746c30387330716e657a7a6c3965676c356d723635757461676678676c6d70636336746d3461386a387438647067776a3977676a746e796673347836	c6c96d3455902b91dbe2dbfe0029946a7a80ca45148b29564026df849416ab6b/dbc1b4c900ffe48d575b5da5c638040125f65db0fe3e24494b76ea986457d986,4bf5122f344554c53bde2ebb8cd2b7e3d1600ad631c385a5d7cce23c7785459a
frame-combined-version-source	concrete-frame	frames/frame-combined-version-source.hex	391	53483fe4ef3b0ac6feb2e113a3b24540d58d618555fb9004452eaa9c2db2a644	error	2	frame-zero-source	mutation-frame-combined-version-source	-	-	-	-	-	-	-	-	-	-	-	-	-
frame-combined-zero-asset-value	concrete-frame	frames/frame-combined-zero-asset-value.hex	391	45f46a4ce4deddb0d9c2794fe857bd775ea3a4b9b271a63d5ce911606a4a1c26	error	4	frame-zero-selected-asset	mutation-frame-combined-zero-asset-value	-	-	-	-	-	-	-	-	-	-	-	-	-
frame-combined-zero-txid-value	concrete-frame	frames/frame-combined-zero-txid-value.hex	391	a475a3e78195980e5cf20294c3c8387682fc5253d386c1fdfbb59d2ba240111b	error	4	frame-zero-selected-txid	mutation-frame-combined-zero-txid-value	-	-	-	-	-	-	-	-	-	-	-	-	-
frame-concatenated	concrete-frame	frames/frame-concatenated.hex	782	861b25e81e74dcb877a7a9091d2ea3b0928a92c84fa209441203c324ab86edb1	error	3	frame-test-toy-single	mutation-frame-concatenated	-	-	-	-	-	-	-	-	-	-	-	-	-
frame-concatenated-rebound	concrete-frame	frames/frame-concatenated-rebound.hex	782	e33635d9082bd050e8b4f9fea29ccb27b6d5d366239d1a55b1a315a52d9453f5	error	3	frame-concatenated	mutation-frame-concatenated-rebound	-	-	-	-	-	-	-	-	-	-	-	-	-
frame-conservation-asset-mismatch	concrete-frame	frames/frame-conservation-asset-mismatch.hex	4919	5ed2f57cb5173aa8ceb96bdbc2131a8ab116e16f689b09013e6c3743453f2522	ok	0	frame-test-public-valid	mutation-frame-conservation-asset-mismatch	4141414141414141414141414141414141414141414141414141414141414141	19	e4e7ec03e19ce5f83fd04c586788b724d88052b65ef2480cc93bcd50324f6b20	499a818545f6bae39fc03b637f2a4e1e64e590cac1bc3a6f6d71aa4443654c14	1	1	1	100	c04f8699c87fdbe9386b8b39e64c629ecadd0392d476668fb6b2dfb9c2e61dc7	c71de6c2b9dfb2b68f6676d49203ddca9e624ce6398b6b38e9db7fc899864fc0	5555555555555555555555555555555555555555555555555555555555555555	746c713171717433746c657768387172746e33686a3036676d3075787375666371616a6361356a343733746c30387330716e657a7a6c3965676c356d723635757461676678676c6d70636336746d3461386a387438647067776a3977676a746e796673347836	c6c96d3455902b91dbe2dbfe0029946a7a80ca45148b29564026df849416ab6b/4850b5ae65f9edd5a054e8dc6ba1e405bb5bee67905cbc6af2e4ec6f2cc96cb2
frame-conservation-value-mismatch	concrete-frame	frames/frame-conservation-value-mismatch.hex	4919	185c5a0566ecd385eaf4003db38e6031c1563edee62252a6c24c5b7e8cef496e	ok	0	frame-test-public-valid	mutation-frame-conservation-value-mismatch	4141414141414141414141414141414141414141414141414141414141414141	19	e4e7ec03e19ce5f83fd04c586788b724d88052b65ef2480cc93bcd50324f6b20	499a818545f6bae39fc03b637f2a4e1e64e590cac1bc3a6f6d71aa4443654c14	1	1	1	100	c04f8699c87fdbe9386b8b39e64c629ecadd0392d476668fb6b2dfb9c2e61dc7	c71de6c2b9dfb2b68f6676d49203ddca9e624ce6398b6b38e9db7fc899864fc0	499a818545f6bae39fc03b637f2a4e1e64e590cac1bc3a6f6d71aa4443654c14	746c713171717433746c657768387172746e33686a3036676d3075787375666371616a6361356a343733746c30387330716e657a7a6c3965676c356d723635757461676678676c6d70636336746d3461386a387438647067776a3977676a746e796673347836	c6c96d3455902b91dbe2dbfe0029946a7a80ca45148b29564026df849416ab6b/4850b5ae65f9edd5a054e8dc6ba1e405bb5bee67905cbc6af2e4ec6f2cc96cb2
frame-declared-length-over	concrete-frame	frames/frame-declared-length-over.hex	391	2b7c9edbabafce0225bd9b8e401c757631fedd112470f2e71d55b74f369b4cd7	error	3	frame-test-toy-single	mutation-frame-declared-length-over	-	-	-	-	-	-	-	-	-	-	-	-	-
frame-declared-length-under	concrete-frame	frames/frame-declared-length-under.hex	391	cea5b62d3897650e60194974747c601d2ad42077fae6743e7964a95e26763620	error	3	frame-test-toy-single	mutation-frame-declared-length-under	-	-	-	-	-	-	-	-	-	-	-	-	-
frame-descriptor-nonownership	concrete-frame	frames/frame-descriptor-nonownership.hex	4919	468f0acc27ee642a93115792836ddaba3a74fdceea5acc9d6040d06646c76772	ok	0	frame-test-public-valid	mutation-frame-descriptor-nonownership	4141414141414141414141414141414141414141414141414141414141414141	19	e4e7ec03e19ce5f83fd04c586788b724d88052b65ef2480cc93bcd50324f6b20	499a818545f6bae39fc03b637f2a4e1e64e590cac1bc3a6f6d71aa4443654c14	1	1	1	100	b929d20ce49c5c0edce9f0432ef75707f4f1a6ca67fb57ecf1bcb749bda500a4	a400a5bd49b7bcf1ec57fb67caa6f1f40757f72e43f0e9dc0e5c9ce40cd229b9	499a818545f6bae39fc03b637f2a4e1e64e590cac1bc3a6f6d71aa4443654c14	746c713171717433746c657768387172746e33686a3036676d3075787375666371616a6361356a343733746c30387330716e657a7a6c3965676c356d723635757461676678676c6d70636336746d3461386a387438647067776a3977676a746e796673347836	4703f1c23c4ca005f2b765de08afdbd7a9e4000d9c769bc429926567ad1b6252/4850b5ae65f9edd5a054e8dc6ba1e405bb5bee67905cbc6af2e4ec6f2cc96cb2
frame-destination-count-plus-one	concrete-frame	frames/frame-destination-count-plus-one.hex	391	656e5da6b9bbf8b0075a3d2570c873f3cf3f8b03225dd8a00c37eb48341b7c9f	error	4	frame-test-toy-single	mutation-frame-destination-count-plus-one	-	-	-	-	-	-	-	-	-	-	-	-	-
frame-destination-count-zero	concrete-frame	frames/frame-destination-count-zero.hex	391	2efd5f93e826750505025461983b4918f4183a3f852969c36c11e7881216562a	error	4	frame-test-toy-single	mutation-frame-destination-count-zero	-	-	-	-	-	-	-	-	-	-	-	-	-
frame-destination-reserved	concrete-frame	frames/frame-destination-reserved.hex	391	a8c5c1d16b0340c6b65a03232a72d8c76d56d356f2d98f1741e566a319e058cf	error	3	frame-test-toy-single	mutation-frame-destination-reserved	-	-	-	-	-	-	-	-	-	-	-	-	-
frame-destination-value-plus-one	concrete-frame	frames/frame-destination-value-plus-one.hex	391	bce4f493a846dcb5c865bf053a539104ad34fc3c7fcd880584521ad5a5d8884b	error	4	frame-test-toy-single	mutation-frame-destination-value-plus-one	-	-	-	-	-	-	-	-	-	-	-	-	-
frame-destination-value-zero	concrete-frame	frames/frame-destination-value-zero.hex	391	fe882706ddf40c0d7abc7268719239c9184383e95022350ba1f6ede768ae5d15	error	4	frame-test-toy-single	mutation-frame-destination-value-zero	-	-	-	-	-	-	-	-	-	-	-	-	-
frame-duplicate-previous-identity	concrete-frame	frames/frame-duplicate-previous-identity.hex	9157	7f965586cbb487d5d4b9970bd83c6e8cf42291f83d830802124042dbc1bd87a8	ok	0	frame-test-public-valid	mutation-frame-duplicate-previous-identity	4141414141414141414141414141414141414141414141414141414141414141	19	e4e7ec03e19ce5f83fd04c586788b724d88052b65ef2480cc93bcd50324f6b20	499a818545f6bae39fc03b637f2a4e1e64e590cac1bc3a6f6d71aa4443654c14	1	1	2	100	c04f8699c87fdbe9386b8b39e64c629ecadd0392d476668fb6b2dfb9c2e61dc7	c71de6c2b9dfb2b68f6676d49203ddca9e624ce6398b6b38e9db7fc899864fc0	499a818545f6bae39fc03b637f2a4e1e64e590cac1bc3a6f6d71aa4443654c14	746c713171717433746c657768387172746e33686a3036676d3075787375666371616a6361356a343733746c30387330716e657a7a6c3965676c356d723635757461676678676c6d70636336746d3461386a387438647067776a3977676a746e796673347836	c6c96d3455902b91dbe2dbfe0029946a7a80ca45148b29564026df849416ab6b/4850b5ae65f9edd5a054e8dc6ba1e405bb5bee67905cbc6af2e4ec6f2cc96cb2,34542b9dc38dec2c66c54f8169842116f226d7aafa28d80ae6711941a262ef0b
frame-extra-previous	concrete-frame	frames/frame-extra-previous.hex	4979	b6ebbae1a2d001309863967b1f200d9dd7b974eb0a9c38e9e15a434d9a031a0c	ok	0	frame-test-public-valid	mutation-frame-extra-previous	4141414141414141414141414141414141414141414141414141414141414141	19	e4e7ec03e19ce5f83fd04c586788b724d88052b65ef2480cc93bcd50324f6b20	499a818545f6bae39fc03b637f2a4e1e64e590cac1bc3a6f6d71aa4443654c14	1	1	2	100	c04f8699c87fdbe9386b8b39e64c629ecadd0392d476668fb6b2dfb9c2e61dc7	c71de6c2b9dfb2b68f6676d49203ddca9e624ce6398b6b38e9db7fc899864fc0	499a818545f6bae39fc03b637f2a4e1e64e590cac1bc3a6f6d71aa4443654c14	746c713171717433746c657768387172746e33686a3036676d3075787375666371616a6361356a343733746c30387330716e657a7a6c3965676c356d723635757461676678676c6d70636336746d3461386a387438647067776a3977676a746e796673347836	c6c96d3455902b91dbe2dbfe0029946a7a80ca45148b29564026df849416ab6b/6ae4041c8395b5ed17e54af5b7b7219f3a4358afe89fb53832b0c1c2f568c049,4850b5ae65f9edd5a054e8dc6ba1e405bb5bee67905cbc6af2e4ec6f2cc96cb2
frame-fee-plus-one	concrete-frame	frames/frame-fee-plus-one.hex	391	39f060fd6fc51cb8232d745dfa8c375dd81164735c8cbf403b8d99d817f712c2	error	4	frame-test-toy-single	mutation-frame-fee-plus-one	-	-	-	-	-	-	-	-	-	-	-	-	-
frame-fee-zero	concrete-frame	frames/frame-fee-zero.hex	391	0a08d4183aa2a0f77721efaf42984c9b256d26c44bdd7bed510b9d1de85a28ad	error	4	frame-test-toy-single	mutation-frame-fee-zero	-	-	-	-	-	-	-	-	-	-	-	-	-
frame-flags-nonzero	concrete-frame	frames/frame-flags-nonzero.hex	391	fe6a2508bd406f70fd744712f14af0fcb87d7da953b5d4f8036d40b9b5921799	error	3	frame-test-toy-single	mutation-frame-flags-nonzero	-	-	-	-	-	-	-	-	-	-	-	-	-
frame-header-reserved-nonzero	concrete-frame	frames/frame-header-reserved-nonzero.hex	391	f56a1ac7fa1e64b0e73125e0fa0f7c5c3a5aabddb81c5da11129037db3e94646	error	3	frame-test-toy-single	mutation-frame-header-reserved-nonzero	-	-	-	-	-	-	-	-	-	-	-	-	-
frame-main-public-valid	concrete-frame	frames/frame-main-public-valid.hex	4918	f7ed1810999280fc7914bf15538a5292d5511964692b1504929e7cfc65b7be6c	ok	0	-	-	4242424242424242424242424242424242424242424242424242424242424242	23	b88244f81daf14b2f47915d430ec41e5402de538020f1e4847e8ddbd6f238e5b	6d521c38ec1ea15734ae22b7c46064412829c0d0579f0a713d1c04ede979026f	1	1	1	100	60fa18f40da2d6fb6bfb7aec220767ff0182e17d7634c99889b5e32fd314804c	4c8014d32fe3b58998c934767de18201ff670722ec7afb6bfbd6a20df418fa60	6d521c38ec1ea15734ae22b7c46064412829c0d0579f0a713d1c04ede979026f	6c7131717164387070716839763038767037387730766a6d3333783975376e71686c766179746a66797073747965767a666b366172777470796665303234377270356834797a6d64667473616868773634757938707a66653776656a756e7264686c726d73	f291d881656e2de6936ebe0b1cac2040da2aa088120b5ad700498fbb024fe34b/cdf49000ca25b1a40510b3794436b1cf0d7719049811195c80908dfb90a596c4
frame-main-wrong-pegged-asset	concrete-frame	frames/frame-main-wrong-pegged-asset.hex	4918	229460f395c662898ad4d6c950e167cb25d87870f693174832f9cba5fdd7b780	ok	0	frame-main-public-valid	mutation-frame-main-wrong-pegged-asset	4242424242424242424242424242424242424242424242424242424242424242	23	b88244f81daf14b2f47915d430ec41e5402de538020f1e4847e8ddbd6f238e5b	499a818545f6bae39fc03b637f2a4e1e64e590cac1bc3a6f6d71aa4443654c14	1	1	1	100	60fa18f40da2d6fb6bfb7aec220767ff0182e17d7634c99889b5e32fd314804c	4c8014d32fe3b58998c934767de18201ff670722ec7afb6bfbd6a20df418fa60	6d521c38ec1ea15734ae22b7c46064412829c0d0579f0a713d1c04ede979026f	6c7131717164387070716839763038767037387730766a6d3333783975376e71686c766179746a66797073747965767a666b366172777470796665303234377270356834797a6d64667473616868773634757938707a66653776656a756e7264686c726d73	f291d881656e2de6936ebe0b1cac2040da2aa088120b5ad700498fbb024fe34b/cdf49000ca25b1a40510b3794436b1cf0d7719049811195c80908dfb90a596c4
frame-main-wrong-profile-address	concrete-frame	frames/frame-main-wrong-profile-address.hex	4919	4b133d3f52724b827b0aa195b8d0274923842cb7e15f0c3a62a4b6b5ad6bb4ba	ok	0	frame-main-public-valid	mutation-frame-main-wrong-profile-address	4242424242424242424242424242424242424242424242424242424242424242	23	b88244f81daf14b2f47915d430ec41e5402de538020f1e4847e8ddbd6f238e5b	6d521c38ec1ea15734ae22b7c46064412829c0d0579f0a713d1c04ede979026f	1	1	1	100	60fa18f40da2d6fb6bfb7aec220767ff0182e17d7634c99889b5e32fd314804c	4c8014d32fe3b58998c934767de18201ff670722ec7afb6bfbd6a20df418fa60	6d521c38ec1ea15734ae22b7c46064412829c0d0579f0a713d1c04ede979026f	746c713171717433746c657768387172746e33686a3036676d3075787375666371616a6361356a343733746c30387330716e657a7a6c3965676c356d723635757461676678676c6d70636336746d3461386a387438647067776a3977676a746e796673347836	f291d881656e2de6936ebe0b1cac2040da2aa088120b5ad700498fbb024fe34b/cdf49000ca25b1a40510b3794436b1cf0d7719049811195c80908dfb90a596c4
frame-malformed-address	concrete-frame	frames/frame-malformed-address.hex	4919	391714b40a4f01c512d27f954e6dd3ef1678c55ab6e42ddb54ef73fdec80c442	ok	0	frame-test-public-valid	mutation-frame-malformed-address	4141414141414141414141414141414141414141414141414141414141414141	19	e4e7ec03e19ce5f83fd04c586788b724d88052b65ef2480cc93bcd50324f6b20	499a818545f6bae39fc03b637f2a4e1e64e590cac1bc3a6f6d71aa4443654c14	1	1	1	100	c04f8699c87fdbe9386b8b39e64c629ecadd0392d476668fb6b2dfb9c2e61dc7	c71de6c2b9dfb2b68f6676d49203ddca9e624ce6398b6b38e9db7fc899864fc0	499a818545f6bae39fc03b637f2a4e1e64e590cac1bc3a6f6d71aa4443654c14	787878787878787878787878787878787878787878787878787878787878787878787878787878787878787878787878787878787878787878787878787878787878787878787878787878787878787878787878787878787878787878787878787878787878	c6c96d3455902b91dbe2dbfe0029946a7a80ca45148b29564026df849416ab6b/4850b5ae65f9edd5a054e8dc6ba1e405bb5bee67905cbc6af2e4ec6f2cc96cb2
frame-missing-previous	concrete-frame	frames/frame-missing-previous.hex	4859	06a522c6952f93fb0014715fa0adbe70e27083f15e8eca299736314f4f2fe31e	ok	0	frame-test-public-valid	mutation-frame-missing-previous	4141414141414141414141414141414141414141414141414141414141414141	19	e4e7ec03e19ce5f83fd04c586788b724d88052b65ef2480cc93bcd50324f6b20	499a818545f6bae39fc03b637f2a4e1e64e590cac1bc3a6f6d71aa4443654c14	1	1	0	100	c04f8699c87fdbe9386b8b39e64c629ecadd0392d476668fb6b2dfb9c2e61dc7	c71de6c2b9dfb2b68f6676d49203ddca9e624ce6398b6b38e9db7fc899864fc0	499a818545f6bae39fc03b637f2a4e1e64e590cac1bc3a6f6d71aa4443654c14	746c713171717433746c657768387172746e33686a3036676d3075787375666371616a6361356a343733746c30387330716e657a7a6c3965676c356d723635757461676678676c6d70636336746d3461386a387438647067776a3977676a746e796673347836	c6c96d3455902b91dbe2dbfe0029946a7a80ca45148b29564026df849416ab6b/-
frame-noncanonical-address	concrete-frame	frames/frame-noncanonical-address.hex	4919	62dea071b5a6d67e4be8de31f06dca37cef2c15d955f80175b12305c463bd602	ok	0	frame-test-public-valid	mutation-frame-noncanonical-address	4141414141414141414141414141414141414141414141414141414141414141	19	e4e7ec03e19ce5f83fd04c586788b724d88052b65ef2480cc93bcd50324f6b20	499a818545f6bae39fc03b637f2a4e1e64e590cac1bc3a6f6d71aa4443654c14	1	1	1	100	c04f8699c87fdbe9386b8b39e64c629ecadd0392d476668fb6b2dfb9c2e61dc7	c71de6c2b9dfb2b68f6676d49203ddca9e624ce6398b6b38e9db7fc899864fc0	499a818545f6bae39fc03b637f2a4e1e64e590cac1bc3a6f6d71aa4443654c14	544c513151515433544c455748385152544e33484a3036474d3055585355464351414a4341354a343733544c30385330514e455a5a4c3945474c354d523635555441474658474c4d50434336544d3441384a385438445047574a3957474a544e594653345836	c6c96d3455902b91dbe2dbfe0029946a7a80ca45148b29564026df849416ab6b/4850b5ae65f9edd5a054e8dc6ba1e405bb5bee67905cbc6af2e4ec6f2cc96cb2
frame-nonconfidential-address	concrete-frame	frames/frame-nonconfidential-address.hex	4860	6bd9a737ebf30feca2eb4c5fe47cd670eaaefe49f33d501ab1c30e25618c423f	ok	0	frame-test-public-valid	mutation-frame-nonconfidential-address	4141414141414141414141414141414141414141414141414141414141414141	19	e4e7ec03e19ce5f83fd04c586788b724d88052b65ef2480cc93bcd50324f6b20	499a818545f6bae39fc03b637f2a4e1e64e590cac1bc3a6f6d71aa4443654c14	1	1	1	100	c04f8699c87fdbe9386b8b39e64c629ecadd0392d476668fb6b2dfb9c2e61dc7	c71de6c2b9dfb2b68f6676d49203ddca9e624ce6398b6b38e9db7fc899864fc0	499a818545f6bae39fc03b637f2a4e1e64e590cac1bc3a6f6d71aa4443654c14	7465783171366433613277393735796e79306173757664396136376e6572346e6b733538666e7835397a64	c6c96d3455902b91dbe2dbfe0029946a7a80ca45148b29564026df849416ab6b/4850b5ae65f9edd5a054e8dc6ba1e405bb5bee67905cbc6af2e4ec6f2cc96cb2
frame-output-index-mismatch	concrete-frame	frames/frame-output-index-mismatch.hex	4919	7617a6a80841ef07d4fcd1108b02d85ec80aca4135949dca3fb02a6cd8dc0eb9	ok	0	frame-test-public-valid	mutation-frame-output-index-mismatch	4141414141414141414141414141414141414141414141414141414141414141	19	e4e7ec03e19ce5f83fd04c586788b724d88052b65ef2480cc93bcd50324f6b20	499a818545f6bae39fc03b637f2a4e1e64e590cac1bc3a6f6d71aa4443654c14	1	1	1	100	c04f8699c87fdbe9386b8b39e64c629ecadd0392d476668fb6b2dfb9c2e61dc7	c71de6c2b9dfb2b68f6676d49203ddca9e624ce6398b6b38e9db7fc899864fc0	499a818545f6bae39fc03b637f2a4e1e64e590cac1bc3a6f6d71aa4443654c14	746c713171717433746c657768387172746e33686a3036676d3075787375666371616a6361356a343733746c30387330716e657a7a6c3965676c356d723635757461676678676c6d70636336746d3461386a387438647067776a3977676a746e796673347836	c6c96d3455902b91dbe2dbfe0029946a7a80ca45148b29564026df849416ab6b/4850b5ae65f9edd5a054e8dc6ba1e405bb5bee67905cbc6af2e4ec6f2cc96cb2
frame-previous-count-plus-one	concrete-frame	frames/frame-previous-count-plus-one.hex	391	63150c39472ca7797411e342677ba161b4fa14c6dcd383fbdbd36ea8672628b8	error	4	frame-test-toy-single	mutation-frame-previous-count-plus-one	-	-	-	-	-	-	-	-	-	-	-	-	-
frame-previous-duplicate	concrete-frame	frames/frame-previous-duplicate.hex	650	fd8ff18d396e9bc1bcf0d2c68ea7bb60202975c31926617e26cd32cdd85affef	error	3	frame-test-toy-ordered	mutation-frame-previous-duplicate	4141414141414141414141414141414141414141414141414141414141414141	8	e4e7ec03e19ce5f83fd04c586788b724d88052b65ef2480cc93bcd50324f6b20	499a818545f6bae39fc03b637f2a4e1e64e590cac1bc3a6f6d71aa4443654c14	2	2	4	1	3131313131313131313131313131313131313131313131313131313131313101,3232323232323232323232323232323232323232323232323232323232323202	0131313131313131313131313131313131313131313131313131313131313131,0232323232323232323232323232323232323232323232323232323232323232	499a818545f6bae39fc03b637f2a4e1e64e590cac1bc3a6f6d71aa4443654c14,499a818545f6bae39fc03b637f2a4e1e64e590cac1bc3a6f6d71aa4443654c14	746c713171717433746c657768387172746e33686a3036676d3075787375666371616a6361356a343733746c30387330716e657a7a6c3965676c356d723635757461676678676c6d70636336746d3461386a387438647067776a3977676a746e796673347836,746c713171717433746c657768387172746e33686a3036676d3075787375666371616a6361356a343733746c30387330716e657a7a6c3965676c356d723635757461676678676c6d70636336746d3461386a387438647067776a3977676a746e796673347836	4bf5122f344554c53bde2ebb8cd2b7e3d1600ad631c385a5d7cce23c7785459a,dbc1b4c900ffe48d575b5da5c638040125f65db0fe3e24494b76ea986457d986/4bf5122f344554c53bde2ebb8cd2b7e3d1600ad631c385a5d7cce23c7785459a,4bf5122f344554c53bde2ebb8cd2b7e3d1600ad631c385a5d7cce23c7785459a;4bf5122f344554c53bde2ebb8cd2b7e3d1600ad631c385a5d7cce23c7785459a,dbc1b4c900ffe48d575b5da5c638040125f65db0fe3e24494b76ea986457d986
frame-previous-length-plus-one	concrete-frame	frames/frame-previous-length-plus-one.hex	650	d0a07a6dc55a84d4b5f2ee8a4acad24451890223bfd1a7441b39ce26dad0952f	error	4	frame-test-toy-ordered	mutation-frame-previous-length-plus-one	-	-	-	-	-	-	-	-	-	-	-	-	-
frame-previous-length-zero	concrete-frame	frames/frame-previous-length-zero.hex	650	1211fff7ca13bb9f8164e5ef59a43492d70eeba192443981586abc2dfc722383	error	4	frame-test-toy-ordered	mutation-frame-previous-length-zero	-	-	-	-	-	-	-	-	-	-	-	-	-
frame-previous-out-of-order	concrete-frame	frames/frame-previous-out-of-order.hex	650	03c34f3cc62fc8dbb64269e4f4af4f44cf3f1dc8bb55e81f898be91d6b2b1fa2	error	3	frame-test-toy-ordered	mutation-frame-previous-out-of-order	4141414141414141414141414141414141414141414141414141414141414141	8	e4e7ec03e19ce5f83fd04c586788b724d88052b65ef2480cc93bcd50324f6b20	499a818545f6bae39fc03b637f2a4e1e64e590cac1bc3a6f6d71aa4443654c14	2	2	4	1	3131313131313131313131313131313131313131313131313131313131313101,3232323232323232323232323232323232323232323232323232323232323202	0131313131313131313131313131313131313131313131313131313131313131,0232323232323232323232323232323232323232323232323232323232323232	499a818545f6bae39fc03b637f2a4e1e64e590cac1bc3a6f6d71aa4443654c14,499a818545f6bae39fc03b637f2a4e1e64e590cac1bc3a6f6d71aa4443654c14	746c713171717433746c657768387172746e33686a3036676d3075787375666371616a6361356a343733746c30387330716e657a7a6c3965676c356d723635757461676678676c6d70636336746d3461386a387438647067776a3977676a746e796673347836,746c713171717433746c657768387172746e33686a3036676d3075787375666371616a6361356a343733746c30387330716e657a7a6c3965676c356d723635757461676678676c6d70636336746d3461386a387438647067776a3977676a746e796673347836	4bf5122f344554c53bde2ebb8cd2b7e3d1600ad631c385a5d7cce23c7785459a,dbc1b4c900ffe48d575b5da5c638040125f65db0fe3e24494b76ea986457d986/dbc1b4c900ffe48d575b5da5c638040125f65db0fe3e24494b76ea986457d986,4bf5122f344554c53bde2ebb8cd2b7e3d1600ad631c385a5d7cce23c7785459a;4bf5122f344554c53bde2ebb8cd2b7e3d1600ad631c385a5d7cce23c7785459a,dbc1b4c900ffe48d575b5da5c638040125f65db0fe3e24494b76ea986457d986
frame-public-output-shape	concrete-frame	frames/frame-public-output-shape.hex	612	fbdce60fcb1072570c950accbf128b40f31c0a0c88bffb1d3f468a6670e80022	ok	0	frame-test-public-valid	mutation-frame-public-output-shape	4141414141414141414141414141414141414141414141414141414141414141	19	e4e7ec03e19ce5f83fd04c586788b724d88052b65ef2480cc93bcd50324f6b20	499a818545f6bae39fc03b637f2a4e1e64e590cac1bc3a6f6d71aa4443654c14	1	1	1	100	9f18e8f28190f30123ef3736ac2bf79d0908ae5b57908f12a54693086a2a7f9e	9e7f2a6a089346a5128f90575bae08099df72bac3637ef2301f39081f2e8189f	499a818545f6bae39fc03b637f2a4e1e64e590cac1bc3a6f6d71aa4443654c14	746c713171717433746c657768387172746e33686a3036676d3075787375666371616a6361356a343733746c30387330716e657a7a6c3965676c356d723635757461676678676c6d70636336746d3461386a387438647067776a3977676a746e796673347836	5004e84efc55b2b3e8e25f78e9e437982321733419eed90bc6724dd268852160/4850b5ae65f9edd5a054e8dc6ba1e405bb5bee67905cbc6af2e4ec6f2cc96cb2
frame-selected-count-plus-one	concrete-frame	frames/frame-selected-count-plus-one.hex	391	1f9a4b0292483aae0029b38a9886ba88ba44ae8308f4e9615f6af9cd80722b60	error	4	frame-test-toy-single	mutation-frame-selected-count-plus-one	-	-	-	-	-	-	-	-	-	-	-	-	-
frame-selected-count-zero	concrete-frame	frames/frame-selected-count-zero.hex	391	332c552201275c470de9b1027ce4535a7b58090d4c6ff2cf532a9092b7f4f6e0	error	4	frame-test-toy-single	mutation-frame-selected-count-zero	-	-	-	-	-	-	-	-	-	-	-	-	-
frame-selected-duplicate	concrete-frame	frames/frame-selected-duplicate.hex	650	196cc92bf445d5ae6fbf3dbe8209dc9efd5ff050fd15cad3f4a1b76e8ac364d4	error	3	frame-test-toy-ordered	mutation-frame-selected-duplicate	4141414141414141414141414141414141414141414141414141414141414141	8	e4e7ec03e19ce5f83fd04c586788b724d88052b65ef2480cc93bcd50324f6b20	499a818545f6bae39fc03b637f2a4e1e64e590cac1bc3a6f6d71aa4443654c14	2	2	4	1	3131313131313131313131313131313131313131313131313131313131313101,3131313131313131313131313131313131313131313131313131313131313101	0131313131313131313131313131313131313131313131313131313131313131,0131313131313131313131313131313131313131313131313131313131313131	499a818545f6bae39fc03b637f2a4e1e64e590cac1bc3a6f6d71aa4443654c14,499a818545f6bae39fc03b637f2a4e1e64e590cac1bc3a6f6d71aa4443654c14	746c713171717433746c657768387172746e33686a3036676d3075787375666371616a6361356a343733746c30387330716e657a7a6c3965676c356d723635757461676678676c6d70636336746d3461386a387438647067776a3977676a746e796673347836,746c713171717433746c657768387172746e33686a3036676d3075787375666371616a6361356a343733746c30387330716e657a7a6c3965676c356d723635757461676678676c6d70636336746d3461386a387438647067776a3977676a746e796673347836	4bf5122f344554c53bde2ebb8cd2b7e3d1600ad631c385a5d7cce23c7785459a,dbc1b4c900ffe48d575b5da5c638040125f65db0fe3e24494b76ea986457d986/4bf5122f344554c53bde2ebb8cd2b7e3d1600ad631c385a5d7cce23c7785459a,dbc1b4c900ffe48d575b5da5c638040125f65db0fe3e24494b76ea986457d986;4bf5122f344554c53bde2ebb8cd2b7e3d1600ad631c385a5d7cce23c7785459a,dbc1b4c900ffe48d575b5da5c638040125f65db0fe3e24494b76ea986457d986
frame-selected-index-plus-one	concrete-frame	frames/frame-selected-index-plus-one.hex	391	ff9fa6c5dcea0cc5769ccefd125c3ff3a2bf826050c7183fbf3b4294f867c36f	error	4	frame-test-toy-single	mutation-frame-selected-index-plus-one	-	-	-	-	-	-	-	-	-	-	-	-	-
frame-selected-out-of-order	concrete-frame	frames/frame-selected-out-of-order.hex	650	75e86002bf99c805a0edfc79e79d0caf60de43e76adc499e028e4b430a839f1c	error	3	frame-test-toy-ordered	mutation-frame-selected-out-of-order	4141414141414141414141414141414141414141414141414141414141414141	8	e4e7ec03e19ce5f83fd04c586788b724d88052b65ef2480cc93bcd50324f6b20	499a818545f6bae39fc03b637f2a4e1e64e590cac1bc3a6f6d71aa4443654c14	2	2	4	1	3232323232323232323232323232323232323232323232323232323232323202,3131313131313131313131313131313131313131313131313131313131313101	0232323232323232323232323232323232323232323232323232323232323232,0131313131313131313131313131313131313131313131313131313131313131	499a818545f6bae39fc03b637f2a4e1e64e590cac1bc3a6f6d71aa4443654c14,499a818545f6bae39fc03b637f2a4e1e64e590cac1bc3a6f6d71aa4443654c14	746c713171717433746c657768387172746e33686a3036676d3075787375666371616a6361356a343733746c30387330716e657a7a6c3965676c356d723635757461676678676c6d70636336746d3461386a387438647067776a3977676a746e796673347836,746c713171717433746c657768387172746e33686a3036676d3075787375666371616a6361356a343733746c30387330716e657a7a6c3965676c356d723635757461676678676c6d70636336746d3461386a387438647067776a3977676a746e796673347836	dbc1b4c900ffe48d575b5da5c638040125f65db0fe3e24494b76ea986457d986,4bf5122f344554c53bde2ebb8cd2b7e3d1600ad631c385a5d7cce23c7785459a/4bf5122f344554c53bde2ebb8cd2b7e3d1600ad631c385a5d7cce23c7785459a,dbc1b4c900ffe48d575b5da5c638040125f65db0fe3e24494b76ea986457d986;4bf5122f344554c53bde2ebb8cd2b7e3d1600ad631c385a5d7cce23c7785459a,dbc1b4c900ffe48d575b5da5c638040125f65db0fe3e24494b76ea986457d986
frame-selected-reserved	concrete-frame	frames/frame-selected-reserved.hex	391	47c2482646346c7b093d04f9bd2fe3a569da5f246102538b37391d6bf62b7d22	error	3	frame-test-toy-single	mutation-frame-selected-reserved	-	-	-	-	-	-	-	-	-	-	-	-	-
frame-selected-value-plus-one	concrete-frame	frames/frame-selected-value-plus-one.hex	391	5d4f6a874db36bbb4abc8d14a4fb74b0daea130d884807b6eac0c31cf114fcfd	error	4	frame-test-toy-single	mutation-frame-selected-value-plus-one	-	-	-	-	-	-	-	-	-	-	-	-	-
frame-selected-value-zero	concrete-frame	frames/frame-selected-value-zero.hex	391	a9ee16d5bb64a3e1c87873ae9913a11c1babb8d9278a8dbae7dc4e28f0648d9c	error	4	frame-test-toy-single	mutation-frame-selected-value-zero	-	-	-	-	-	-	-	-	-	-	-	-	-
frame-short-seven	concrete-frame	frames/frame-short-seven.hex	7	07c0ecab9ec12a7643a17cc6bbafebb57381879a115b8b76e4f97ef824881a3a	error	3	frame-test-toy-single	mutation-frame-short-seven	-	-	-	-	-	-	-	-	-	-	-	-	-
frame-tail-reserved-nonzero	concrete-frame	frames/frame-tail-reserved-nonzero.hex	391	1db26e00b4d3ce2ffb8ca72b4c89a3e1a4a324b2321916103724342878acd8de	error	3	frame-test-toy-single	mutation-frame-tail-reserved-nonzero	-	-	-	-	-	-	-	-	-	-	-	-	-
frame-test-public-valid	concrete-frame	frames/frame-test-public-valid.hex	4919	fa8cf8321c8de34a8d4d1f8c881b327bf3961520857e2480e5564ccff012153f	ok	0	-	-	4141414141414141414141414141414141414141414141414141414141414141	19	e4e7ec03e19ce5f83fd04c586788b724d88052b65ef2480cc93bcd50324f6b20	499a818545f6bae39fc03b637f2a4e1e64e590cac1bc3a6f6d71aa4443654c14	1	1	1	100	c04f8699c87fdbe9386b8b39e64c629ecadd0392d476668fb6b2dfb9c2e61dc7	c71de6c2b9dfb2b68f6676d49203ddca9e624ce6398b6b38e9db7fc899864fc0	499a818545f6bae39fc03b637f2a4e1e64e590cac1bc3a6f6d71aa4443654c14	746c713171717433746c657768387172746e33686a3036676d3075787375666371616a6361356a343733746c30387330716e657a7a6c3965676c356d723635757461676678676c6d70636336746d3461386a387438647067776a3977676a746e796673347836	c6c96d3455902b91dbe2dbfe0029946a7a80ca45148b29564026df849416ab6b/4850b5ae65f9edd5a054e8dc6ba1e405bb5bee67905cbc6af2e4ec6f2cc96cb2
frame-test-shared-previous-valid	concrete-frame	frames/frame-test-shared-previous-valid.hex	5041	ef47458656fb0f9118ea1f9964b70a72ced729feb2226aac3231ddc8494426e7	ok	0	-	-	4141414141414141414141414141414141414141414141414141414141414141	24	e4e7ec03e19ce5f83fd04c586788b724d88052b65ef2480cc93bcd50324f6b20	499a818545f6bae39fc03b637f2a4e1e64e590cac1bc3a6f6d71aa4443654c14	1	1	1	100	bd12a32101979396a037fe09e180c9fbb3302145a22fef57c60f528e00ac1681	8116ac008e520fc657ef2fa2452130b3fbc980e109fe37a09693970121a312bd	499a818545f6bae39fc03b637f2a4e1e64e590cac1bc3a6f6d71aa4443654c14	746c71317171763668726a37396c766363346e336b767071613471363273763268716a3976777465327879373764636d3566387a367633617561356d723635757461676678676c6d70636336746d3461386a387438647067776a3363707063776a3864703878	63cb436487c562edd2084af3d1fa4093c169606740639534405707daab216adf/4c51a49ec419b32695a7334dd1e523592d577ecfd013a3a67427660d629ed84a
frame-test-toy-multiasset	concrete-frame	frames/frame-test-toy-multiasset.hex	630	18b492be86f8ab55c6029849c1a35fa7e2138e27c13cb2c564b37addd99774f5	ok	0	-	-	4141414141414141414141414141414141414141414141414141414141414141	9	e4e7ec03e19ce5f83fd04c586788b724d88052b65ef2480cc93bcd50324f6b20	499a818545f6bae39fc03b637f2a4e1e64e590cac1bc3a6f6d71aa4443654c14	2	2	0	1	3131313131313131313131313131313131313131313131313131313131313101,3232323232323232323232323232323232323232323232323232323232323202	0131313131313131313131313131313131313131313131313131313131313131,0232323232323232323232323232323232323232323232323232323232323232	5555555555555555555555555555555555555555555555555555555555555555,499a818545f6bae39fc03b637f2a4e1e64e590cac1bc3a6f6d71aa4443654c14	746c713171717433746c657768387172746e33686a3036676d3075787375666371616a6361356a343733746c30387330716e657a7a6c3965676c356d723635757461676678676c6d70636336746d3461386a387438647067776a3977676a746e796673347836,746c713171717433746c657768387172746e33686a3036676d3075787375666371616a6361356a343733746c30387330716e657a7a6c3965676c356d723635757461676678676c6d70636336746d3461386a387438647067776a3977676a746e796673347836	4bf5122f344554c53bde2ebb8cd2b7e3d1600ad631c385a5d7cce23c7785459a,4bf5122f344554c53bde2ebb8cd2b7e3d1600ad631c385a5d7cce23c7785459a/-;-
frame-test-toy-ordered	concrete-frame	frames/frame-test-toy-ordered.hex	650	909088e306d2e9d6941dc28c05012f8db3ce3b72a89626474936e0715d4b5ef3	ok	0	-	-	4141414141414141414141414141414141414141414141414141414141414141	8	e4e7ec03e19ce5f83fd04c586788b724d88052b65ef2480cc93bcd50324f6b20	499a818545f6bae39fc03b637f2a4e1e64e590cac1bc3a6f6d71aa4443654c14	2	2	4	1	3131313131313131313131313131313131313131313131313131313131313101,3232323232323232323232323232323232323232323232323232323232323202	0131313131313131313131313131313131313131313131313131313131313131,0232323232323232323232323232323232323232323232323232323232323232	499a818545f6bae39fc03b637f2a4e1e64e590cac1bc3a6f6d71aa4443654c14,499a818545f6bae39fc03b637f2a4e1e64e590cac1bc3a6f6d71aa4443654c14	746c713171717433746c657768387172746e33686a3036676d3075787375666371616a6361356a343733746c30387330716e657a7a6c3965676c356d723635757461676678676c6d70636336746d3461386a387438647067776a3977676a746e796673347836,746c713171717433746c657768387172746e33686a3036676d3075787375666371616a6361356a343733746c30387330716e657a7a6c3965676c356d723635757461676678676c6d70636336746d3461386a387438647067776a3977676a746e796673347836	4bf5122f344554c53bde2ebb8cd2b7e3d1600ad631c385a5d7cce23c7785459a,dbc1b4c900ffe48d575b5da5c638040125f65db0fe3e24494b76ea986457d986/4bf5122f344554c53bde2ebb8cd2b7e3d1600ad631c385a5d7cce23c7785459a,dbc1b4c900ffe48d575b5da5c638040125f65db0fe3e24494b76ea986457d986;4bf5122f344554c53bde2ebb8cd2b7e3d1600ad631c385a5d7cce23c7785459a,dbc1b4c900ffe48d575b5da5c638040125f65db0fe3e24494b76ea986457d986
frame-test-toy-repeated-candidate	concrete-frame	frames/frame-test-toy-repeated-candidate.hex	650	48fa91aa618d0b0688639e67a217a924321a84334dbf894a4b53710ec3481c02	ok	0	-	-	4141414141414141414141414141414141414141414141414141414141414141	10	e4e7ec03e19ce5f83fd04c586788b724d88052b65ef2480cc93bcd50324f6b20	499a818545f6bae39fc03b637f2a4e1e64e590cac1bc3a6f6d71aa4443654c14	2	2	4	1	3131313131313131313131313131313131313131313131313131313131313101,3232323232323232323232323232323232323232323232323232323232323202	0131313131313131313131313131313131313131313131313131313131313131,0232323232323232323232323232323232323232323232323232323232323232	499a818545f6bae39fc03b637f2a4e1e64e590cac1bc3a6f6d71aa4443654c14,499a818545f6bae39fc03b637f2a4e1e64e590cac1bc3a6f6d71aa4443654c14	746c713171717433746c657768387172746e33686a3036676d3075787375666371616a6361356a343733746c30387330716e657a7a6c3965676c356d723635757461676678676c6d70636336746d3461386a387438647067776a3977676a746e796673347836,746c713171717433746c657768387172746e33686a3036676d3075787375666371616a6361356a343733746c30387330716e657a7a6c3965676c356d723635757461676678676c6d70636336746d3461386a387438647067776a3977676a746e796673347836	4bf5122f344554c53bde2ebb8cd2b7e3d1600ad631c385a5d7cce23c7785459a,4bf5122f344554c53bde2ebb8cd2b7e3d1600ad631c385a5d7cce23c7785459a/4bf5122f344554c53bde2ebb8cd2b7e3d1600ad631c385a5d7cce23c7785459a,dbc1b4c900ffe48d575b5da5c638040125f65db0fe3e24494b76ea986457d986;4bf5122f344554c53bde2ebb8cd2b7e3d1600ad631c385a5d7cce23c7785459a,dbc1b4c900ffe48d575b5da5c638040125f65db0fe3e24494b76ea986457d986
frame-test-toy-single	concrete-frame	frames/frame-test-toy-single.hex	391	301e282dec76985d4b6e19396fb38d33f76005c426c63b5691a391b89e9d2f2d	ok	0	-	-	4141414141414141414141414141414141414141414141414141414141414141	7	e4e7ec03e19ce5f83fd04c586788b724d88052b65ef2480cc93bcd50324f6b20	499a818545f6bae39fc03b637f2a4e1e64e590cac1bc3a6f6d71aa4443654c14	1	1	0	1	3131313131313131313131313131313131313131313131313131313131313131	3131313131313131313131313131313131313131313131313131313131313131	499a818545f6bae39fc03b637f2a4e1e64e590cac1bc3a6f6d71aa4443654c14	746c713171717433746c657768387172746e33686a3036676d3075787375666371616a6361356a343733746c30387330716e657a7a6c3965676c356d723635757461676678676c6d70636336746d3461386a387438647067776a3977676a746e796673347836	4bf5122f344554c53bde2ebb8cd2b7e3d1600ad631c385a5d7cce23c7785459a/-
frame-trailing-byte	concrete-frame	frames/frame-trailing-byte.hex	392	99fdc237fb36e7886aab87f038fcabc9535b09455aefbf3d29224b86ef36d260	error	3	frame-test-toy-single	mutation-frame-trailing-byte	-	-	-	-	-	-	-	-	-	-	-	-	-
frame-trailing-byte-rebound	concrete-frame	frames/frame-trailing-byte-rebound.hex	392	31a2c93b84f2bced96035b0fe440a184e637db62dc780bcc154b45a00ab8db23	error	3	frame-trailing-byte	mutation-frame-trailing-byte-rebound	-	-	-	-	-	-	-	-	-	-	-	-	-
frame-truncated-body	concrete-frame	frames/frame-truncated-body.hex	390	2a125ed574492a3649e5715288d43812736a289f92554f4f48ef38e0a7c0f4b1	error	3	frame-test-toy-single	mutation-frame-truncated-body	-	-	-	-	-	-	-	-	-	-	-	-	-
frame-truncated-header	concrete-frame	frames/frame-truncated-header.hex	151	be4089c170897100f2c9864d0e97784091c087f65177e435bc0b68023ea3ebca	error	3	frame-test-toy-single	mutation-frame-truncated-header	-	-	-	-	-	-	-	-	-	-	-	-	-
frame-unknown-manifest	concrete-frame	frames/frame-unknown-manifest.hex	4919	96dbbea351c51ee04fac7f5d0556f9e66be55c1382e93878e0701dfe18265f6b	ok	0	frame-test-public-valid	mutation-frame-unknown-manifest	4141414141414141414141414141414141414141414141414141414141414141	19	9999999999999999999999999999999999999999999999999999999999999999	499a818545f6bae39fc03b637f2a4e1e64e590cac1bc3a6f6d71aa4443654c14	1	1	1	100	c04f8699c87fdbe9386b8b39e64c629ecadd0392d476668fb6b2dfb9c2e61dc7	c71de6c2b9dfb2b68f6676d49203ddca9e624ce6398b6b38e9db7fc899864fc0	499a818545f6bae39fc03b637f2a4e1e64e590cac1bc3a6f6d71aa4443654c14	746c713171717433746c657768387172746e33686a3036676d3075787375666371616a6361356a343733746c30387330716e657a7a6c3965676c356d723635757461676678676c6d70636336746d3461386a387438647067776a3977676a746e796673347836	c6c96d3455902b91dbe2dbfe0029946a7a80ca45148b29564026df849416ab6b/4850b5ae65f9edd5a054e8dc6ba1e405bb5bee67905cbc6af2e4ec6f2cc96cb2
frame-wrong-header-length	concrete-frame	frames/frame-wrong-header-length.hex	391	2b54154214525ddfb43aa685e69f46f53c2a221a0eee2eee7af9fe949b548bf0	error	2	frame-test-toy-single	mutation-frame-wrong-header-length	-	-	-	-	-	-	-	-	-	-	-	-	-
frame-wrong-magic	concrete-frame	frames/frame-wrong-magic.hex	391	9a530e610e4a440c13f32d4e28884dfd155bad4504dd4290c413706fed5fffb0	error	2	frame-test-toy-single	mutation-frame-wrong-magic	-	-	-	-	-	-	-	-	-	-	-	-	-
frame-wrong-pegged-asset	concrete-frame	frames/frame-wrong-pegged-asset.hex	4919	c41a753122c5ccb06091527f35d31eca10801eee169ccc6d802d25a0fe36c033	ok	0	frame-test-public-valid	mutation-frame-wrong-pegged-asset	4141414141414141414141414141414141414141414141414141414141414141	19	e4e7ec03e19ce5f83fd04c586788b724d88052b65ef2480cc93bcd50324f6b20	5555555555555555555555555555555555555555555555555555555555555555	1	1	1	100	c04f8699c87fdbe9386b8b39e64c629ecadd0392d476668fb6b2dfb9c2e61dc7	c71de6c2b9dfb2b68f6676d49203ddca9e624ce6398b6b38e9db7fc899864fc0	499a818545f6bae39fc03b637f2a4e1e64e590cac1bc3a6f6d71aa4443654c14	746c713171717433746c657768387172746e33686a3036676d3075787375666371616a6361356a343733746c30387330716e657a7a6c3965676c356d723635757461676678676c6d70636336746d3461386a387438647067776a3977676a746e796673347836	c6c96d3455902b91dbe2dbfe0029946a7a80ca45148b29564026df849416ab6b/4850b5ae65f9edd5a054e8dc6ba1e405bb5bee67905cbc6af2e4ec6f2cc96cb2
frame-wrong-profile-address	concrete-frame	frames/frame-wrong-profile-address.hex	4918	899b76f96ff6deaafc9e3f954e392249487e72f16e2af9e4bc67a859859f7ed8	ok	0	frame-test-public-valid	mutation-frame-wrong-profile-address	4141414141414141414141414141414141414141414141414141414141414141	19	e4e7ec03e19ce5f83fd04c586788b724d88052b65ef2480cc93bcd50324f6b20	499a818545f6bae39fc03b637f2a4e1e64e590cac1bc3a6f6d71aa4443654c14	1	1	1	100	c04f8699c87fdbe9386b8b39e64c629ecadd0392d476668fb6b2dfb9c2e61dc7	c71de6c2b9dfb2b68f6676d49203ddca9e624ce6398b6b38e9db7fc899864fc0	499a818545f6bae39fc03b637f2a4e1e64e590cac1bc3a6f6d71aa4443654c14	6c7131717164387070716839763038767037387730766a6d3333783975376e71686c766179746a66797073747965767a666b366172777470796665303234377270356834797a6d64667473616868773634757938707a66653776656a756e7264686c726d73	c6c96d3455902b91dbe2dbfe0029946a7a80ca45148b29564026df849416ab6b/4850b5ae65f9edd5a054e8dc6ba1e405bb5bee67905cbc6af2e4ec6f2cc96cb2
frame-wrong-version	concrete-frame	frames/frame-wrong-version.hex	391	4ca60fbe02a7737fd66dcb41bd0e4eef959a09726d90fde6364e3b1e89ad33b1	error	2	frame-test-toy-single	mutation-frame-wrong-version	-	-	-	-	-	-	-	-	-	-	-	-	-
frame-zero-manifest	concrete-frame	frames/frame-zero-manifest.hex	391	4d9f4d156d393f79602578402ffb5375cd36c8a0f866e7707868b4777c7ccbaf	error	3	frame-test-toy-single	mutation-frame-zero-manifest	-	-	-	-	-	-	-	-	-	-	-	-	-
frame-zero-pegged-asset	concrete-frame	frames/frame-zero-pegged-asset.hex	391	64ccdef9c301b71d596e60f8e5e05dacd147d0e8cf0d8ec81539b0dc357b9674	error	3	frame-test-toy-single	mutation-frame-zero-pegged-asset	-	-	-	-	-	-	-	-	-	-	-	-	-
frame-zero-selected-asset	concrete-frame	frames/frame-zero-selected-asset.hex	391	16043303f6c647e6d9f59a82bf675e43b44ecaa3605099ec2e4f2849c539cb1e	error	3	frame-test-toy-single	mutation-frame-zero-selected-asset	-	-	-	-	-	-	-	-	-	-	-	-	-
frame-zero-selected-txid	concrete-frame	frames/frame-zero-selected-txid.hex	391	ed164ca36456290dc82fb71e2ea3f51748a1e36556fff35d8608d68c6c6cf7b2	error	3	frame-test-toy-single	mutation-frame-zero-selected-txid	-	-	-	-	-	-	-	-	-	-	-	-	-
frame-zero-source	concrete-frame	frames/frame-zero-source.hex	391	b05ad58770b2574e1d7441bfc926fcd8c7433927dd5559fcab6c44d4df7d2d86	error	3	frame-test-toy-single	mutation-frame-zero-source	-	-	-	-	-	-	-	-	-	-	-	-	-
